date,number_week,rank,name,symbol,market_cap,price,circulating_supply,volume,%_1h,%_24h,%_7d
2017-01-01,52,1,Bitcoin,BTC,16050414526.0,998.33,16077337,998.33,-0.42,3.71,11.16
2017-01-01,52,2,Ethereum,ETH,715049311.0,8.17,87493800,8.17,0.88,1.78,12.98
2017-01-01,52,3,XRP,XRP,231408729.0,0.006368,36337298649,0.006368,-0.16,-2.03,-0.73
2017-01-01,52,4,Litecoin,LTC,221718486.0,4.51,49144154,4.51,-0.07,3.81,3.02
2017-01-01,52,5,Monero,XMR,190983552.0,13.97,13668252,13.97,3.01,1.44,43.15
2017-01-01,52,6,Ethereum Classic,ETC,122202804.0,1.40,87444118,1.40,0.54,-1.21,30.52
2017-01-01,52,7,Dash,DASH,78524020.0,11.23,6992839,11.23,-0.33,0.19,11.78
2017-01-01,52,8,Augur,REP,43994860.0,4.00,11000000,4.00,1.8,5.62,41.67
2017-01-01,52,9,MaidSafeCoin,MAID,43862003.0,0.09692,452552412,0.09692,1.25,-2.34,-2.55
2017-01-01,52,10,Steem,STEEM,36999610.0,0.1612,229582096,0.1612,-0.55,-7.27,16.93
2017-01-01,52,11,NEM,XEM,30962258.0,0.00344,8999999999,0.00344,0.08,-6.90,-3.62
2017-01-01,52,12,Iconomi,ICN,26381302.0,0.3032,87000000,0.3032,-1.71,-2.66,-9.07
2017-01-01,52,13,Factom,FCT,25392986.0,2.90,8753219,2.90,1.52,-3.38,18.61
2017-01-01,52,14,Dogecoin,DOGE,24501946.0,0.0002278,107543546602,0.0002278,0.14,1.07,-1.71
2017-01-01,52,15,Waves,WAVES,22132166.0,0.2213,100000000,0.2213,0.53,-11.46,9.23
2017-01-01,52,16,DigixDAO,DGD,18079172.0,9.04,2000000,9.04,-0.47,5.85,5.20
2017-01-01,52,17,Stellar,XLM,17173253.0,0.002481,6921534188,0.002481,-0.62,1.05,-4.87
2017-01-01,52,18,Zcash,ZEC,16958474.0,48.47,349869,48.47,-0.37,0.31,5.14
2017-01-01,52,19,Lisk,LSK,15220159.0,0.1502,101301175,0.1502,0.09,4.03,4.84
2017-01-01,52,20,GameCredits,GAME,13091197.0,0.2193,59695275,0.2193,1.27,7.09,10.70
2017-01-08,1,1,Bitcoin,BTC,14661965038.0,911.20,16090850,911.20,-0.03,0.86,-9.03
2017-01-08,1,2,Ethereum,ETH,902575822.0,10.29,87715677,10.29,-0.55,4.41,26.16
2017-01-08,1,3,XRP,XRP,226499204.0,0.006233,36338178044,0.006233,-1.01,-1.88,-2.45
2017-01-08,1,4,Litecoin,LTC,196709850.0,3.99,49244229,3.99,0.03,1.21,-11.52
2017-01-08,1,5,Monero,XMR,184338567.0,13.47,13683241,13.47,-0.55,4.26,-2.93
2017-01-08,1,6,Ethereum Classic,ETC,126922211.0,1.45,87671508,1.45,-0.17,0.70,4.84
2017-01-08,1,7,Dash,DASH,87970406.0,12.54,7014802,12.54,1.13,1.50,11.46
2017-01-08,1,8,Augur,REP,50153107.0,4.56,11000000,4.56,-1.04,-2.01,16.61
2017-01-08,1,9,MaidSafeCoin,MAID,42473430.0,0.09385,452552412,0.09385,-1.07,3.05,-3.98
2017-01-08,1,10,Steem,STEEM,35132804.0,0.1525,230348857,0.1525,-0.42,0.16,-6.97
2017-01-08,1,11,NEM,XEM,30791257.0,0.003421,8999999999,0.003421,-0.31,-1.30,-0.67
2017-01-08,1,12,Iconomi,ICN,30194813.0,0.3471,87000000,0.3471,-1.06,8.02,10.93
2017-01-08,1,13,Factom,FCT,25738943.0,2.94,8753219,2.94,-0.6,4.32,1.73
2017-01-08,1,14,Dogecoin,DOGE,23791228.0,0.000221,107640618433,0.000221,-0.98,-0.65,-2.59
2017-01-08,1,15,Waves,WAVES,21354108.0,0.2135,100000000,0.2135,0.11,-1.96,-5.51
2017-01-08,1,16,Zcash,ZEC,18438535.0,46.11,399881,46.11,0.09,-2.12,-5.26
2017-01-08,1,17,DigixDAO,DGD,17869291.0,8.93,2000000,8.93,-0.02,-0.67,4.18
2017-01-08,1,18,Stellar,XLM,16300589.0,0.002355,6921534188,0.002355,-0.58,-1.16,-5.60
2017-01-08,1,19,Lisk,LSK,16023730.0,0.1577,101584820,0.1577,-1.17,8.72,2.38
2017-01-08,1,20,Tether,USDT,14951719.0,1.00,14951591,1.00,0.0,0.00,0.00
2017-01-15,2,1,Bitcoin,BTC,13234843181.0,821.80,16104737,821.80,0.37,0.28,-8.69
2017-01-15,2,2,Ethereum,ETH,870948698.0,9.90,87936805,9.90,-0.16,1.01,-3.59
2017-01-15,2,3,XRP,XRP,247328402.0,0.006726,36771322652,0.006726,-0.78,-1.50,7.34
2017-01-15,2,4,Litecoin,LTC,193747483.0,3.93,49351879,3.93,-0.31,0.85,-1.24
2017-01-15,2,5,Monero,XMR,148071626.0,10.76,13758589,10.76,0.63,-2.81,-18.80
2017-01-15,2,6,Ethereum Classic,ETC,104366382.0,1.19,87895491,1.19,0.15,-1.54,-17.82
2017-01-15,2,7,Dash,DASH,87076315.0,12.39,7029697,12.39,0.1,2.53,-0.57
2017-01-15,2,8,MaidSafeCoin,MAID,48713594.0,0.1076,452552412,0.1076,-1.45,8.29,15.31
2017-01-15,2,9,Augur,REP,45280565.0,4.12,11000000,4.12,0.5,-4.12,-10.05
2017-01-15,2,10,NEM,XEM,33006904.0,0.003667,8999999999,0.003667,-0.66,-0.94,7.50
2017-01-15,2,11,Steem,STEEM,32313162.0,0.1393,231989996,0.1393,-0.2,1.63,-8.68
2017-01-15,2,12,Iconomi,ICN,31240581.0,0.3591,87000000,0.3591,1.6,0.80,3.35
2017-01-15,2,13,Factom,FCT,24459396.0,2.79,8753219,2.79,0.07,-0.03,-3.83
2017-01-15,2,14,Waves,WAVES,23728687.0,0.2373,100000000,0.2373,1.48,3.22,12.61
2017-01-15,2,15,Dogecoin,DOGE,22205627.0,0.0002061,107736982531,0.0002061,-0.37,-0.75,-6.87
2017-01-15,2,16,Zcash,ZEC,20309415.0,45.15,449844,45.15,1.44,3.15,-1.89
2017-01-15,2,17,DigixDAO,DGD,18444757.0,9.22,2000000,9.22,0.22,4.73,2.77
2017-01-15,2,18,Stellar,XLM,16897129.0,0.002441,6921534188,0.002441,-0.11,-0.87,3.88
2017-01-15,2,19,Lisk,LSK,16418307.0,0.1611,101883510,0.1611,0.86,8.69,5.21
2017-01-15,2,20,Tether,USDT,14951820.0,1.00,14951571,1.00,0.0,0.00,0.00
2017-01-22,3,1,Bitcoin,BTC,14905434977.0,924.67,16119687,924.67,0.36,-0.03,12.42
2017-01-22,3,2,Ethereum,ETH,943569736.0,10.70,88157547,10.70,-0.64,-1.86,8.42
2017-01-22,3,3,XRP,XRP,247414436.0,0.006713,36855961691,0.006713,-0.01,-0.28,-0.95
2017-01-22,3,4,Litecoin,LTC,190064851.0,3.84,49458206,3.84,0.05,-1.61,-2.36
2017-01-22,3,5,Monero,XMR,168170866.0,12.18,13803168,12.18,1.22,1.13,14.93
2017-01-22,3,6,Ethereum Classic,ETC,121843512.0,1.38,88118778,1.38,0.27,-2.39,16.76
2017-01-22,3,7,Dash,DASH,106448354.0,15.11,7044541,15.11,0.33,0.60,23.07
2017-01-22,3,8,MaidSafeCoin,MAID,54574183.0,0.1206,452552412,0.1206,0.25,1.33,12.25
2017-01-22,3,9,Augur,REP,51207908.0,4.66,11000000,4.66,0.41,1.38,12.68
2017-01-22,3,10,Steem,STEEM,37220584.0,0.161,231144969,0.161,0.43,-3.46,10.36
2017-01-22,3,11,Iconomi,ICN,34392980.0,0.3953,87000000,0.3953,0.59,-0.94,9.78
2017-01-22,3,12,NEM,XEM,33264721.0,0.003696,8999999999,0.003696,-0.15,0.69,0.11
2017-01-22,3,13,Factom,FCT,27624184.0,3.16,8753219,3.16,1.03,8.18,11.14
2017-01-22,3,14,Waves,WAVES,24954265.0,0.2495,100000000,0.2495,0.9,1.67,-1.24
2017-01-22,3,15,Dogecoin,DOGE,22362117.0,0.0002074,107833686495,0.0002074,0.36,-0.23,0.11
2017-01-22,3,16,Zcash,ZEC,21659241.0,43.31,500119,43.31,0.12,-0.78,-2.13
2017-01-22,3,17,Golem,GNT,18904698.0,0.02305,820000000,0.02305,1.92,-1.42,41.89
2017-01-22,3,18,DigixDAO,DGD,18123085.0,9.06,2000000,9.06,1.45,-0.41,0.76
2017-01-22,3,19,Stellar,XLM,16170145.0,0.002336,6921534188,0.002336,-0.3,0.80,-4.54
2017-01-22,3,20,Lisk,LSK,15895154.0,0.1556,102182855,0.1556,-0.4,-2.06,-1.19
2017-01-29,4,1,Bitcoin,BTC,14834382393.0,919.50,16133162,919.50,-0.06,-0.27,-0.07
2017-01-29,4,2,Ethereum,ETH,926552552.0,10.48,88377400,10.48,-0.04,-0.60,-2.31
2017-01-29,4,3,XRP,XRP,235949678.0,0.006402,36856524148,0.006402,-0.39,0.81,-4.52
2017-01-29,4,4,Litecoin,LTC,190910487.0,3.85,49560056,3.85,-0.03,-0.01,0.23
2017-01-29,4,5,Monero,XMR,175245126.0,12.66,13847279,12.66,0.13,-2.52,4.60
2017-01-29,4,6,Ethereum Classic,ETC,114709675.0,1.30,88339887,1.30,-0.12,-0.59,-5.81
2017-01-29,4,7,Dash,DASH,109461592.0,15.51,7059399,15.51,-0.15,1.45,2.55
2017-01-29,4,8,MaidSafeCoin,MAID,60747730.0,0.1342,452552412,0.1342,-1.17,7.34,11.62
2017-01-29,4,9,Augur,REP,47787172.0,4.34,11000000,4.34,1.41,2.03,-6.16
2017-01-29,4,10,NEM,XEM,46473366.0,0.005164,8999999999,0.005164,1.85,6.80,39.70
2017-01-29,4,11,Steem,STEEM,37808564.0,0.1628,232272713,0.1628,-0.52,-3.71,1.09
2017-01-29,4,12,Iconomi,ICN,34457001.0,0.3961,87000000,0.3961,-0.59,1.06,0.44
2017-01-29,4,13,Factom,FCT,30103033.0,3.44,8753219,3.44,0.95,3.09,10.09
2017-01-29,4,14,Golem,GNT,24209358.0,0.02952,820000000,0.02952,-0.04,0.05,26.24
2017-01-29,4,15,Waves,WAVES,23909517.0,0.2391,100000000,0.2391,1.39,-0.64,-3.59
2017-01-29,4,16,Dogecoin,DOGE,22045119.0,0.0002043,107930649364,0.0002043,-1.75,-1.60,-0.69
2017-01-29,4,17,Zcash,ZEC,21272583.0,38.67,550156,38.67,-0.16,1.13,-10.94
2017-01-29,4,18,Ardor,ARDR,20283943.0,0.0203,998999495,0.0203,-1.66,13.52,33.36
2017-01-29,4,19,DigixDAO,DGD,19503429.0,9.75,2000000,9.75,-0.74,1.00,8.09
2017-01-29,4,20,Lisk,LSK,16180170.0,0.1579,102481070,0.1579,0.73,2.43,1.19
2017-02-05,5,1,Bitcoin,BTC,16588243547.0,1027.34,16146787,1027.34,0.02,-1.38,11.60
2017-02-05,5,2,Ethereum,ETH,1005857528.0,11.35,88598170,11.35,-0.27,-0.68,8.29
2017-02-05,5,3,XRP,XRP,237439104.0,0.006442,36856513336,0.006442,0.08,-0.96,0.42
2017-02-05,5,4,Litecoin,LTC,200776961.0,4.04,49661431,4.04,0.1,-0.37,4.80
2017-02-05,5,5,Monero,XMR,177837166.0,12.80,13890877,12.80,-0.21,1.02,0.78
2017-02-05,5,6,Ethereum Classic,ETC,122956425.0,1.39,88557954,1.39,0.44,-0.12,6.93
2017-02-05,5,7,Dash,DASH,120801545.0,17.06,7081443,17.06,-0.25,-2.92,9.72
2017-02-05,5,8,MaidSafeCoin,MAID,67984389.0,0.1502,452552412,0.1502,-0.28,-2.22,12.36
2017-02-05,5,9,NEM,XEM,57499873.0,0.006389,8999999999,0.006389,-1.27,-10.81,23.98
2017-02-05,5,10,Augur,REP,45676988.0,4.15,11000000,4.15,-1.19,-1.83,-2.59
2017-02-05,5,11,Iconomi,ICN,38770083.0,0.4456,87000000,0.4456,0.05,-1.22,12.11
2017-02-05,5,12,Steem,STEEM,37100605.0,0.1599,232067747,0.1599,-1.58,-3.04,-2.73
2017-02-05,5,13,Factom,FCT,31109177.0,3.55,8753219,3.55,-1.63,1.23,4.42
2017-02-05,5,14,Tether,USDT,24951571.0,1,24951591,1,0.0,0.00,0.00
2017-02-05,5,15,Golem,GNT,24399334.0,0.02976,820000000,0.02976,0.02,9.19,0.82
2017-02-05,5,16,Zcash,ZEC,22907739.0,38.16,600269,38.16,-0.32,-2.91,-1.31
2017-02-05,5,17,Dogecoin,DOGE,22783987.0,0.0002109,108026223812,0.0002109,0.69,-0.21,1.74
2017-02-05,5,18,Waves,WAVES,22453065.0,0.2245,100000000,0.2245,0.64,0.48,-5.32
2017-02-05,5,19,DigixDAO,DGD,19910257.0,9.96,2000000,9.96,-0.48,-2.86,1.65
2017-02-05,5,20,Ardor,ARDR,18890597.0,0.01891,998999495,0.01891,1.91,5.02,-5.48
2017-02-12,6,1,Bitcoin,BTC,16146284920.0,999.18,16159525,999.18,-0.02,-0.46,-2.93
2017-02-12,6,2,Ethereum,ETH,1012462600.0,11.40,88819080,11.40,0.26,0.44,0.21
2017-02-12,6,3,XRP,XRP,232223712.0,0.006269,37044533660,0.006269,-0.16,-1.17,-2.65
2017-02-12,6,4,Litecoin,LTC,187313671.0,3.76,49759656,3.76,0.14,-0.75,-6.91
2017-02-12,6,5,Monero,XMR,171823233.0,12.33,13934231,12.33,-1.06,0.65,-3.69
2017-02-12,6,6,Dash,DASH,119972081.0,16.91,7096304,16.91,-0.05,-1.37,-0.88
2017-02-12,6,7,Ethereum Classic,ETC,108822631.0,1.23,88777650,1.23,-0.21,-0.70,-12.86
2017-02-12,6,8,MaidSafeCoin,MAID,81990000.0,0.1812,452552412,0.1812,6.13,8.58,20.44
2017-02-12,6,9,NEM,XEM,62097816.0,0.0069,8999999999,0.0069,-0.41,-0.20,6.87
2017-02-12,6,10,Augur,REP,49193764.0,4.47,11000000,4.47,1.03,3.33,6.95
2017-02-12,6,11,Iconomi,ICN,34372717.0,0.3951,87000000,0.3951,0.3,-10.36,-10.99
2017-02-12,6,12,Steem,STEEM,33238950.0,0.1425,233318153,0.1425,-0.65,-2.56,-11.63
2017-02-12,6,13,Factom,FCT,29060424.0,3.32,8753219,3.32,-0.55,-2.11,-6.94
2017-02-12,6,14,Waves,WAVES,25004494.0,0.25,100000000,0.25,1.4,3.98,11.39
2017-02-12,6,15,Tether,USDT,24950977.0,1,24950996,1,0.0,0.00,0.00
2017-02-12,6,16,Dogecoin,DOGE,22517000.0,0.0002083,108122857526,0.0002083,-0.2,0.01,-0.70
2017-02-12,6,17,Golem,GNT,20809323.0,0.02538,820000000,0.02538,-0.68,-1.92,-15.16
2017-02-12,6,18,Zcash,ZEC,20555554.0,31.61,650281,31.61,-0.89,-3.77,-17.28
2017-02-12,6,19,Ardor,ARDR,18795390.0,0.01881,998999495,0.01881,-0.86,-4.90,1.07
2017-02-12,6,20,DigixDAO,DGD,18214600.0,9.11,2000000,9.11,0.37,0.53,-8.99
2017-02-19,7,1,Bitcoin,BTC,16946921164.0,1047.87,16172725,1047.87,-0.08,-0.59,4.85
2017-02-19,7,2,Ethereum,ETH,1136005587.0,12.76,89039377,12.76,0.01,-0.26,12.31
2017-02-19,7,3,XRP,XRP,217744959.0,0.005878,37044621729,0.005878,0.43,5.31,-6.68
2017-02-19,7,4,Litecoin,LTC,187593056.0,3.76,49861857,3.76,0.03,-0.83,-0.05
2017-02-19,7,5,Monero,XMR,181243461.0,12.99,13948472,12.99,-0.24,-2.63,5.85
2017-02-19,7,6,Dash,DASH,160337877.0,22.55,7111189,22.55,-3.22,5.35,33.42
2017-02-19,7,7,Ethereum Classic,ETC,108831949.0,1.22,88998351,1.22,-0.04,0.07,0.03
2017-02-19,7,8,MaidSafeCoin,MAID,86427840.0,0.191,452552412,0.191,-1.58,-4.41,8.05
2017-02-19,7,9,NEM,XEM,57168590.0,0.006352,8999999999,0.006352,-0.31,-6.50,-8.70
2017-02-19,7,10,Augur,REP,57094433.0,5.19,11000000,5.19,0.0,2.48,15.65
2017-02-19,7,11,Iconomi,ICN,30215631.0,0.3473,87000000,0.3473,0.41,4.29,-11.80
2017-02-19,7,12,Factom,FCT,28675456.0,3.28,8753219,3.28,-0.1,1.17,-1.40
2017-02-19,7,13,Steem,STEEM,27920641.0,0.1191,234518955,0.1191,0.67,-3.55,-16.36
2017-02-19,7,14,Tether,USDT,24948453.0,0.9999,24950996,0.9999,0.0,-0.01,-0.01
2017-02-19,7,15,Waves,WAVES,24091627.0,0.2409,100000000,0.2409,3.45,-0.82,-2.77
2017-02-19,7,16,Golem,GNT,23632449.0,0.02882,820000000,0.02882,1.22,-24.58,12.06
2017-02-19,7,17,Dogecoin,DOGE,22470828.0,0.0002076,108219481805,0.0002076,0.74,1.33,-0.62
2017-02-19,7,18,Zcash,ZEC,21419629.0,30.58,700481,30.58,0.06,-0.97,-3.38
2017-02-19,7,19,DigixDAO,DGD,18642735.0,9.32,2000000,9.32,0.01,-0.15,5.45
2017-02-19,7,20,Ardor,ARDR,15874677.0,0.01589,998999495,0.01589,-0.64,2.27,-15.44
2017-02-26,8,1,Bitcoin,BTC,18860276478.0,1165.20,16186275,1165.20,0.12,1.98,11.35
2017-02-26,8,2,Ethereum,ETH,1296037260.0,14.52,89259008,14.52,1.03,7.30,13.67
2017-02-26,8,3,XRP,XRP,210650147.0,0.005671,37144100247,0.005671,-0.49,0.01,-3.29
2017-02-26,8,4,Dash,DASH,200284955.0,28.11,7126008,28.11,-0.08,6.28,22.97
2017-02-26,8,5,Litecoin,LTC,191185412.0,3.83,49960707,3.83,-0.32,0.09,1.81
2017-02-26,8,6,Monero,XMR,166672355.0,11.89,14019493,11.89,-0.02,0.22,-8.18
2017-02-26,8,7,Ethereum Classic,ETC,111373909.0,1.25,89220632,1.25,1.03,3.11,2.11
2017-02-26,8,8,MaidSafeCoin,MAID,79468045.0,0.1756,452552412,0.1756,0.42,5.56,-9.25
2017-02-26,8,9,NEM,XEM,58022966.0,0.006447,8999999999,0.006447,-0.42,1.18,1.03
2017-02-26,8,10,Augur,REP,53985047.0,4.91,11000000,4.91,-0.35,2.87,-4.53
2017-02-26,8,11,Iconomi,ICN,29514291.0,0.3392,87000000,0.3392,1.73,10.07,-1.50
2017-02-26,8,12,Steem,STEEM,25908670.0,0.1097,236153825,0.1097,-0.24,-5.61,-7.07
2017-02-26,8,13,Factom,FCT,25468761.0,2.91,8753219,2.91,-0.6,-0.05,-10.91
2017-02-26,8,14,Tether,USDT,24951141.0,1.00,24950986,1.00,0.0,0.00,0.01
2017-02-26,8,15,Zcash,ZEC,22108230.0,29.45,750669,29.45,0.17,1.22,-3.90
2017-02-26,8,16,Dogecoin,DOGE,21996634.0,0.0002031,108315882266,0.0002031,-1.41,0.13,-1.53
2017-02-26,8,17,Waves,WAVES,21589741.0,0.2159,100000000,0.2159,0.07,-1.79,-7.06
2017-02-26,8,18,Golem,GNT,19438958.0,0.02371,820000000,0.02371,-0.93,-1.80,-15.94
2017-02-26,8,19,DigixDAO,DGD,18874781.0,9.44,2000000,9.44,4.48,3.58,-1.69
2017-02-26,8,20,Ardor,ARDR,16513564.0,0.01653,998999495,0.01653,-0.68,1.36,3.94
2017-03-05,9,1,Bitcoin,BTC,20526235191.0,1267.12,16199125,1267.12,0.16,1.07,8.64
2017-03-05,9,2,Ethereum,ETH,1727144315.0,19.30,89478903,19.30,0.8,3.73,34.35
2017-03-05,9,3,Dash,DASH,302400533.0,42.31,7147118,42.31,1.81,-2.92,50.65
2017-03-05,9,4,XRP,XRP,229273993.0,0.006129,37406829143,0.006129,-1.08,-2.64,7.95
2017-03-05,9,5,Monero,XMR,213467860.0,15.18,14061159,15.18,-0.84,10.74,27.29
2017-03-05,9,6,Litecoin,LTC,195313674.0,3.90,50060407,3.90,0.45,0.80,2.13
2017-03-05,9,7,Ethereum Classic,ETC,125058655.0,1.40,89442118,1.40,0.23,-2.03,12.40
2017-03-05,9,8,NEM,XEM,102037861.0,0.01134,8999999999,0.01134,-0.48,18.07,75.68
2017-03-05,9,9,MaidSafeCoin,MAID,75819909.0,0.1675,452552412,0.1675,0.14,-0.84,-3.92
2017-03-05,9,10,Augur,REP,67198583.0,6.11,11000000,6.11,0.09,9.54,25.11
2017-03-05,9,11,Zcash,ZEC,31578698.0,39.44,800731,39.44,0.03,-4.02,32.82
2017-03-05,9,12,Iconomi,ICN,30185855.0,0.347,87000000,0.347,1.92,11.01,4.06
2017-03-05,9,13,Factom,FCT,27196962.0,3.11,8753219,3.11,0.39,1.96,8.19
2017-03-05,9,14,Tether,USDT,24951197.0,1.00,24950994,1.00,0.0,0.00,0.00
2017-03-05,9,15,Steem,STEEM,23673976.0,0.09906,238982815,0.09906,2.7,5.11,-10.09
2017-03-05,9,16,Waves,WAVES,22879039.0,0.2288,100000000,0.2288,-4.2,14.38,6.36
2017-03-05,9,17,Dogecoin,DOGE,22347527.0,0.0002061,108412533732,0.0002061,-1.22,0.28,0.34
2017-03-05,9,18,DigixDAO,DGD,20833803.0,10.42,2000000,10.42,0.1,-1.25,14.88
2017-03-05,9,19,Golem,GNT,19050303.0,0.02323,820000000,0.02323,2.68,-2.48,-2.32
2017-03-05,9,20,GameCredits,GAME,15975544.0,0.2615,61099550,0.2615,0.12,19.32,23.96
2017-03-12,10,1,Bitcoin,BTC,19801180014.0,1221.38,16212150,1221.38,-0.12,3.86,-3.55
2017-03-12,10,2,Ethereum,ETH,2102277995.0,23.44,89696355,23.44,1.0,9.25,21.89
2017-03-12,10,3,Dash,DASH,551935417.0,77.08,7160950,77.08,-1.31,7.42,79.72
2017-03-12,10,4,Monero,XMR,236821271.0,16.79,14103279,16.79,0.39,16.24,12.37
2017-03-12,10,5,XRP,XRP,233250020.0,0.006255,37290640853,0.006255,-0.42,0.65,1.22
2017-03-12,10,6,Litecoin,LTC,192735021.0,3.84,50157832,3.84,-0.05,1.37,-0.85
2017-03-12,10,7,Ethereum Classic,ETC,127662773.0,1.42,89664724,1.42,-0.16,2.67,1.61
2017-03-12,10,8,NEM,XEM,89044386.0,0.009894,8999999999,0.009894,-0.41,0.60,-13.25
2017-03-12,10,9,Augur,REP,80572517.0,7.32,11000000,7.32,1.1,21.18,21.70
2017-03-12,10,10,MaidSafeCoin,MAID,76730990.0,0.1696,452552412,0.1696,0.08,6.02,0.95
2017-03-12,10,11,Tether,USDT,34953023.0,1.00,34950378,1.00,0.0,0.00,0.01
2017-03-12,10,12,Zcash,ZEC,34167751.0,40.16,850894,40.16,-0.95,1.65,1.86
2017-03-12,10,13,Factom,FCT,30468888.0,3.48,8753219,3.48,2.75,13.92,12.66
2017-03-12,10,14,Iconomi,ICN,29958215.0,0.3443,87000000,0.3443,-0.39,-7.09,0.88
2017-03-12,10,15,Waves,WAVES,25681788.0,0.2568,100000000,0.2568,0.13,15.70,10.81
2017-03-12,10,16,Dogecoin,DOGE,24888490.0,0.0002294,108508819514,0.0002294,5.89,9.46,10.20
2017-03-12,10,17,DigixDAO,DGD,21081682.0,10.54,2000000,10.54,0.35,10.10,0.05
2017-03-12,10,18,ShadowCash,SDC,19441450.0,2.93,6638898,2.93,1.81,43.78,88.28
2017-03-12,10,19,Golem,GNT,19158796.0,0.02336,820000000,0.02336,-3.26,0.49,-0.36
2017-03-12,10,20,Decred,DCR,18518459.0,4.62,4008417,4.62,-4.36,40.57,122.16
2017-03-19,11,1,Bitcoin,BTC,16821627032.0,1036.74,16225550,1036.74,-1.82,5.91,-15.25
2017-03-19,11,2,Ethereum,ETH,4022864777.0,44.74,89916364,44.74,-3.59,27.10,87.02
2017-03-19,11,3,Dash,DASH,776515978.0,108.23,7174758,108.23,-0.24,1.66,39.58
2017-03-19,11,4,Monero,XMR,329388123.0,23.29,14144374,23.29,-1.92,14.15,38.82
2017-03-19,11,5,XRP,XRP,258098177.0,0.006912,37338114912,0.006912,0.26,1.53,10.14
2017-03-19,11,6,Litecoin,LTC,198853206.0,3.96,50260982,3.96,-0.58,-0.88,2.82
2017-03-19,11,7,Ethereum Classic,ETC,172741633.0,1.92,89877499,1.92,-3.13,11.62,34.68
2017-03-19,11,8,NEM,XEM,148270067.0,0.01647,8999999999,0.01647,-4.71,39.32,64.87
2017-03-19,11,9,Augur,REP,92770769.0,8.43,11000000,8.43,-0.9,21.27,16.25
2017-03-19,11,10,MaidSafeCoin,MAID,75201680.0,0.1662,452552412,0.1662,-0.92,7.32,-4.58
2017-03-19,11,11,Zcash,ZEC,62974802.0,69.89,901106,69.89,-2.21,5.03,72.79
2017-03-19,11,12,Steem,STEEM,46349339.0,0.1981,234003003,0.1981,-3.83,-2.82,169.12
2017-03-19,11,13,Tether,USDT,44952931.0,1.00,44950863,1.00,0.0,0.00,-0.01
2017-03-19,11,14,Factom,FCT,31518704.0,3.60,8753219,3.60,-1.33,6.10,1.34
2017-03-19,11,15,DigixDAO,DGD,31027639.0,15.51,2000000,15.51,0.35,15.02,57.14
2017-03-19,11,16,Golem,GNT,29785623.0,0.03632,820000000,0.03632,-1.5,20.21,51.59
2017-03-19,11,17,Waves,WAVES,27830166.0,0.2783,100000000,0.2783,3.5,3.35,9.50
2017-03-19,11,18,Decred,DCR,25888345.0,6.38,4059639,6.38,1.64,5.05,35.39
2017-03-19,11,19,Iconomi,ICN,25866224.0,0.2973,87000000,0.2973,-4.16,5.52,-14.70
2017-03-19,11,20,Dogecoin,DOGE,25530586.0,0.0002351,108605813690,0.0002351,-0.44,5.74,5.20
2017-03-26,12,1,Bitcoin,BTC,15698467117.0,966.73,16238812,966.73,0.72,-0.05,-8.29
2017-03-26,12,2,Ethereum,ETH,4553738355.0,50.52,90134486,50.52,-0.5,-0.46,13.99
2017-03-26,12,3,Dash,DASH,673067501.0,93.63,7188567,93.63,1.94,0.05,-12.49
2017-03-26,12,4,XRP,XRP,356889236.0,0.009545,37388960792,0.009545,0.73,3.17,38.30
2017-03-26,12,5,Monero,XMR,278199250.0,19.61,14185358,19.61,0.64,-3.31,-15.90
2017-03-26,12,6,Ethereum Classic,ETC,208203057.0,2.31,90092997,2.31,0.15,-0.08,18.16
2017-03-26,12,7,Litecoin,LTC,204508708.0,4.06,50362382,4.06,-0.12,-0.16,2.42
2017-03-26,12,8,NEM,XEM,121744738.0,0.01353,8999999999,0.01353,0.75,6.38,-15.52
2017-03-26,12,9,Augur,REP,96066795.0,8.73,11000000,8.73,0.09,-1.70,4.30
2017-03-26,12,10,MaidSafeCoin,MAID,63029992.0,0.1393,452552412,0.1393,2.26,-1.33,-17.09
2017-03-26,12,11,Decred,DCR,62499647.0,15.19,4114454,15.19,8.84,34.85,145.68
2017-03-26,12,12,Zcash,ZEC,57012540.0,59.93,951319,59.93,-0.02,-5.67,-16.62
2017-03-26,12,13,Tether,USDT,44951362.0,1.00,44950853,1.00,0.0,0.01,0.00
2017-03-26,12,14,Golem,GNT,41434617.0,0.05053,820000000,0.05053,-6.22,19.12,35.15
2017-03-26,12,15,Steem,STEEM,39828200.0,0.1691,235581606,0.1691,0.62,-2.88,-16.54
2017-03-26,12,16,Iconomi,ICN,36048723.0,0.4144,87000000,0.4144,0.63,7.20,37.30
2017-03-26,12,17,Waves,WAVES,31884906.0,0.3188,100000000,0.3188,0.5,6.45,12.98
2017-03-26,12,18,PIVX,PIVX,31020381.0,0.5897,52605400,0.5897,-0.73,-6.63,91.78
2017-03-26,12,19,Factom,FCT,30994496.0,3.54,8753219,3.54,0.48,0.69,-1.21
2017-03-26,12,20,Dogecoin,DOGE,29578988.0,0.0002721,108700568877,0.0002721,-2.42,-7.07,15.81
2017-04-02,13,1,Bitcoin,BTC,17911979952.0,1102.17,16251500,1102.17,0.02,2.31,12.81
2017-04-02,13,2,Ethereum,ETH,4404479830.0,48.75,90350623,48.75,-0.57,-4.02,-4.64
2017-04-02,13,3,XRP,XRP,2294349437.0,0.06116,37514472563,0.06116,10.46,173.71,544.49
2017-04-02,13,4,Dash,DASH,411019230.0,57.07,7202346,57.07,-3.12,-16.35,-38.56
2017-04-02,13,5,Litecoin,LTC,390795690.0,7.74,50461032,7.74,1.47,13.03,90.54
2017-04-02,13,6,Monero,XMR,286498059.0,20.14,14225684,20.14,-0.95,-4.97,2.84
2017-04-02,13,7,Ethereum Classic,ETC,238854799.0,2.64,90309971,2.64,-0.5,-4.02,13.79
2017-04-02,13,8,NEM,XEM,144774226.0,0.01609,8999999999,0.01609,-3.62,-8.96,18.85
2017-04-02,13,9,Augur,REP,127545895.0,11.60,11000000,11.60,1.43,-8.93,31.75
2017-04-02,13,10,MaidSafeCoin,MAID,78871200.0,0.1743,452552412,0.1743,-0.41,1.95,24.88
2017-04-02,13,11,Golem,GNT,64154637.0,0.07824,820000000,0.07824,1.02,-13.68,44.71
2017-04-02,13,12,Zcash,ZEC,63812243.0,63.73,1001356,63.73,1.17,-2.92,5.86
2017-04-02,13,13,Tether,USDT,55002860.0,1.00,54950868,1.00,0.0,0.14,0.09
2017-04-02,13,14,Dogecoin,DOGE,53237745.0,0.0004893,108797499190,0.0004893,2.42,46.71,77.58
2017-04-02,13,15,Decred,DCR,50814340.0,11.08,4585226,11.08,0.22,-13.74,-28.50
2017-04-02,13,16,Iconomi,ICN,49587298.0,0.57,87000000,0.57,-0.13,-6.71,36.07
2017-04-02,13,17,PIVX,PIVX,47253301.0,0.896,52740008,0.896,0.72,-0.54,49.18
2017-04-02,13,18,DigixDAO,DGD,39013672.0,19.51,2000000,19.51,-0.02,2.81,29.29
2017-04-02,13,19,Steem,STEEM,38760304.0,0.1647,235385460,0.1647,-0.34,-6.05,-3.21
2017-04-02,13,20,Factom,FCT,35078268.0,4.01,8753219,4.01,-2.13,-0.16,12.89
2017-04-09,14,1,Bitcoin,BTC,19320529717.0,1187.87,16264837,1187.87,-0.18,1.02,6.49
2017-04-09,14,2,Ethereum,ETH,3918560858.0,43.27,90567024,43.27,-0.25,-2.24,-9.30
2017-04-09,14,3,XRP,XRP,1276312706.0,0.03402,37516282515,0.03402,-0.13,-3.23,-35.89
2017-04-09,14,4,Dash,DASH,467186996.0,64.70,7221350,64.70,-0.24,-4.64,11.78
2017-04-09,14,5,Litecoin,LTC,440413283.0,8.71,50564982,8.71,-0.45,-12.20,14.24
2017-04-09,14,6,Monero,XMR,294982924.0,20.68,14266738,20.68,-1.27,-0.54,1.36
2017-04-09,14,7,Ethereum Classic,ETC,239351007.0,2.64,90528122,2.64,-0.49,-2.28,1.90
2017-04-09,14,8,NEM,XEM,180135481.0,0.02002,8999999999,0.02002,1.75,7.71,16.53
2017-04-09,14,9,Augur,REP,110335945.0,10.03,11000000,10.03,-0.14,0.53,-11.26
2017-04-09,14,10,MaidSafeCoin,MAID,84873896.0,0.1875,452552412,0.1875,-0.29,-5.21,6.68
2017-04-09,14,11,Zcash,ZEC,65783831.0,62.55,1051744,62.55,0.42,-1.83,-2.29
2017-04-09,14,12,Golem,GNT,59143309.0,0.07213,820000000,0.07213,-1.4,-6.25,-6.94
2017-04-09,14,13,Decred,DCR,55629185.0,11.99,4638026,11.99,0.34,7.47,11.48
2017-04-09,14,14,Tether,USDT,54948657.0,1,54950868,1,0.0,0.02,-0.03
2017-04-09,14,15,PIVX,PIVX,44026828.0,0.8327,52874416,0.8327,-2.83,-6.56,-3.23
2017-04-09,14,16,Stratis,STRAT,41492230.0,0.4219,98339608,0.4219,-1.4,-5.94,51.73
2017-04-09,14,17,Dogecoin,DOGE,41443384.0,0.0003806,108894229574,0.0003806,-0.26,-11.00,-15.19
2017-04-09,14,18,Waves,WAVES,39276552.0,0.3928,100000000,0.3928,2.08,2.84,8.86
2017-04-09,14,19,Iconomi,ICN,39095918.0,0.4494,87000000,0.4494,-1.64,-2.97,-20.80
2017-04-09,14,20,Factom,FCT,38804423.0,4.43,8753219,4.43,-2.66,-3.16,8.41
2017-04-16,15,1,Bitcoin,BTC,19255379994.0,1182.94,16277587,1182.94,-0.13,0.71,-0.47
2017-04-16,15,2,Ethereum,ETH,4422648656.0,48.72,90779567,48.72,0.55,-0.73,12.68
2017-04-16,15,3,XRP,XRP,1255908237.0,0.03346,37532331339,0.03346,0.47,-1.42,-0.45
2017-04-16,15,4,Dash,DASH,545099764.0,75.34,7235158,75.34,-0.05,-0.17,16.26
2017-04-16,15,5,Litecoin,LTC,542862913.0,10.71,50664282,10.71,-0.12,-0.68,23.99
2017-04-16,15,6,Monero,XMR,292679408.0,20.46,14305306,20.46,0.37,-1.01,-0.83
2017-04-16,15,7,Ethereum Classic,ETC,238129070.0,2.63,90678313,2.63,-0.1,-1.75,0.20
2017-04-16,15,8,NEM,XEM,217024086.0,0.02411,8999999999,0.02411,0.4,1.48,19.56
2017-04-16,15,9,Augur,REP,131208571.0,11.93,11000000,11.93,0.75,6.14,18.94
2017-04-16,15,10,PIVX,PIVX,106646703.0,2.01,53008672,2.01,-0.46,4.73,134.72
2017-04-16,15,11,MaidSafeCoin,MAID,93792276.0,0.2073,452552412,0.2073,-1.47,5.24,10.92
2017-04-16,15,12,Zcash,ZEC,78788785.0,71.50,1101906,71.50,-0.03,-2.66,12.94
2017-04-16,15,13,Stratis,STRAT,66567939.0,0.6769,98348618,0.6769,3.46,-0.98,58.56
2017-04-16,15,14,Golem,GNT,66494530.0,0.08109,820000000,0.08109,-2.08,4.92,11.95
2017-04-16,15,15,BitConnect,BCC,59066359.0,9.70,6091990,9.70,1.27,-9.65,63.72
2017-04-16,15,16,Decred,DCR,57090477.0,12.18,4687864,12.18,-0.26,-0.03,-1.58
2017-04-16,15,17,Factom,FCT,55191031.0,6.31,8753219,6.31,0.01,15.04,40.77
2017-04-16,15,18,Steem,STEEM,51009717.0,0.2156,236640897,0.2156,0.21,10.03,39.32
2017-04-16,15,19,Tether,USDT,50716292.0,0.9995,50743773,0.9995,-0.01,-0.05,-0.04
2017-04-16,15,20,Dogecoin,DOGE,49424567.0,0.0004535,108982504127,0.0004535,-0.21,7.62,19.18
2017-04-23,16,1,Bitcoin,BTC,19665991520.0,1207.21,16290450,1207.21,0.24,-2.05,2.03
2017-04-23,16,2,Ethereum,ETH,4412125233.0,48.49,90991751,48.49,0.56,-0.09,0.11
2017-04-23,16,3,XRP,XRP,1184980195.0,0.03128,37884925434,0.03128,0.72,-1.60,-6.17
2017-04-23,16,4,Litecoin,LTC,707832279.0,13.94,50780432,13.94,0.83,6.61,29.67
2017-04-23,16,5,Dash,DASH,499348346.0,68.89,7248956,68.89,0.06,-3.59,-8.73
2017-04-23,16,6,Ethereum Classic,ETC,321811051.0,3.54,90966021,3.54,1.22,9.87,34.75
2017-04-23,16,7,NEM,XEM,282965742.0,0.03144,8999999999,0.03144,0.29,-1.63,30.22
2017-04-23,16,8,Monero,XMR,282854112.0,19.72,14344782,19.72,-0.32,-2.03,-3.42
2017-04-23,16,9,Augur,REP,128512031.0,11.68,11000000,11.68,2.0,-2.83,-2.28
2017-04-23,16,10,MaidSafeCoin,MAID,103687110.0,0.2291,452552412,0.2291,-0.51,1.34,8.61
2017-04-23,16,11,Golem,GNT,79285353.0,0.09669,820000000,0.09669,0.09,-1.41,17.70
2017-04-23,16,12,Decred,DCR,78226833.0,16.52,4736344,16.52,2.37,11.51,35.08
2017-04-23,16,13,Zcash,ZEC,76417405.0,66.34,1151981,66.34,0.07,-3.30,-7.46
2017-04-23,16,14,BitConnect,BCC,59674653.0,9.74,6124580,9.74,-0.49,-3.23,5.97
2017-04-23,16,15,PIVX,PIVX,59591170.0,1.12,53106776,1.12,-13.86,-25.59,-43.19
2017-04-23,16,16,Factom,FCT,57820621.0,6.61,8753219,6.61,0.45,3.65,2.48
2017-04-23,16,17,Stratis,STRAT,57548175.0,0.5851,98357659,0.5851,-0.9,-6.58,-11.63
2017-04-23,16,18,Dogecoin,DOGE,56922988.0,0.0005219,109078907760,0.0005219,0.51,11.96,14.40
2017-04-23,16,19,Waves,WAVES,55993575.0,0.5599,100000000,0.5599,3.82,15.96,30.06
2017-04-23,16,20,Steem,STEEM,53662897.0,0.2281,235257753,0.2281,0.59,2.04,6.46
2017-04-30,17,1,Bitcoin,BTC,21975158882.0,1347.89,16303337,1347.89,0.27,1.96,11.23
2017-04-30,17,2,Ethereum,ETH,7206674282.0,79.02,91199196,79.02,2.23,14.55,61.53
2017-04-30,17,3,XRP,XRP,1955141864.0,0.05161,37884902021,0.05161,-0.06,-4.63,66.11
2017-04-30,17,4,Litecoin,LTC,799087242.0,15.71,50879132,15.71,-0.33,0.21,13.69
2017-04-30,17,5,Dash,DASH,664882750.0,91.55,7262717,91.55,0.68,-3.63,32.25
2017-04-30,17,6,Ethereum Classic,ETC,594208137.0,6.52,91187235,6.52,0.3,20.65,82.36
2017-04-30,17,7,NEM,XEM,458693314.0,0.05097,8999999999,0.05097,1.01,5.48,63.09
2017-04-30,17,8,Monero,XMR,341259568.0,23.72,14384476,23.72,0.64,3.55,19.60
2017-04-30,17,9,Augur,REP,184619724.0,16.78,11000000,16.78,-0.16,0.40,42.72
2017-04-30,17,10,Golem,GNT,180337780.0,0.2199,820000000,0.2199,-0.38,29.69,126.97
2017-04-30,17,11,MaidSafeCoin,MAID,114767522.0,0.2536,452552412,0.2536,-2.66,-3.19,8.91
2017-04-30,17,12,Zcash,ZEC,112048490.0,93.20,1202206,93.20,-0.78,-3.38,39.41
2017-04-30,17,13,PIVX,PIVX,89735754.0,1.69,53196085,1.69,-1.79,-1.11,31.72
2017-04-30,17,14,Dogecoin,DOGE,81479210.0,0.0007463,109175371038,0.0007463,0.92,1.21,45.26
2017-04-30,17,15,Decred,DCR,75931696.0,15.85,4790092,15.85,0.03,1.65,-5.55
2017-04-30,17,16,Stratis,STRAT,72057104.0,0.7325,98366676,0.7325,-0.48,0.98,22.24
2017-04-30,17,17,Factom,FCT,70755426.0,8.08,8753219,8.08,-0.5,0.27,22.00
2017-04-30,17,18,SingularDTV,SNGLS,66733213.0,0.1112,600000000,0.1112,5.69,26.70,83.69
2017-04-30,17,19,Steem,STEEM,65374702.0,0.2779,235208205,0.2779,-0.64,-5.06,23.29
2017-04-30,17,20,Lisk,LSK,62600537.0,0.5885,106379215,0.5885,2.62,11.30,61.64
2017-05-07,18,1,Bitcoin,BTC,26053095263.0,1596.71,16316725,1596.71,0.82,1.08,18.48
2017-05-07,18,2,Ethereum,ETH,8592855815.0,94.01,91406245,94.01,2.26,-3.18,18.90
2017-05-07,18,3,XRP,XRP,5380678177.0,0.1418,37955579225,0.1418,8.68,40.02,169.36
2017-05-07,18,4,Litecoin,LTC,1544711755.0,30.29,50995607,30.29,1.29,6.55,92.90
2017-05-07,18,5,NEM,XEM,893949821.0,0.09933,8999999999,0.09933,6.72,34.73,90.66
2017-05-07,18,6,Dash,DASH,774009625.0,106.28,7282607,106.28,1.63,6.75,15.82
2017-05-07,18,7,Ethereum Classic,ETC,651119403.0,7.12,91407465,7.12,0.2,-1.44,9.73
2017-05-07,18,8,Monero,XMR,472832767.0,32.78,14423216,32.78,1.46,13.08,38.81
2017-05-07,18,9,Stellar,XLM,409807375.0,0.04398,9317265511,0.04398,-5.09,109.60,778.33
2017-05-07,18,10,Golem,GNT,197684562.0,0.2411,820000000,0.2411,0.85,-5.22,6.99
2017-05-07,18,11,Augur,REP,189706024.0,17.25,11000000,17.25,-2.37,-2.53,1.03
2017-05-07,18,12,MaidSafeCoin,MAID,146606455.0,0.324,452552412,0.324,9.16,11.05,23.90
2017-05-07,18,13,Dogecoin,DOGE,142548797.0,0.001305,109272523914,0.001305,0.42,15.62,73.97
2017-05-07,18,14,Zcash,ZEC,130037434.0,103.83,1252444,103.83,-0.55,-3.76,9.02
2017-05-07,18,15,Steem,STEEM,123885800.0,0.5275,234850177,0.5275,-4.02,28.05,87.48
2017-05-07,18,16,Gnosis,GNO,116095879.0,105.10,1104590,105.10,-1.46,-8.05,0.00
2017-05-07,18,17,Stratis,STRAT,115872760.0,1.18,98375682,1.18,1.64,-1.99,60.10
2017-05-07,18,18,Bytecoin,BCN,110635845.0,0.000605,182857516408,0.000605,13.25,108.69,196.26
2017-05-07,18,19,BitShares,BTS,90474364.0,0.0348,2599560000,0.0348,6.62,8.52,110.07
2017-05-07,18,20,Factom,FCT,86222892.0,9.85,8753219,9.85,0.05,-1.10,21.83
2017-05-14,19,1,Bitcoin,BTC,29540321254.0,1808.91,16330437,1808.91,0.18,0.36,13.01
2017-05-14,19,2,XRP,XRP,8435849097.0,0.2202,38305873865,0.2202,0.58,2.10,48.30
2017-05-14,19,3,Ethereum,ETH,8317152705.0,90.79,91612174,90.79,0.05,-0.01,-3.64
2017-05-14,19,4,Litecoin,LTC,1476620105.0,28.89,51106507,28.89,1.57,-0.34,-3.15
2017-05-14,19,5,NEM,XEM,1133516013.0,0.1259,8999999999,0.1259,0.86,-1.60,15.82
2017-05-14,19,6,Dash,DASH,655214306.0,89.80,7296404,89.80,0.03,0.32,-14.10
2017-05-14,19,7,Ethereum Classic,ETC,625419267.0,6.83,91628139,6.83,-1.48,9.78,-3.98
2017-05-14,19,8,Monero,XMR,412624924.0,28.53,14461630,28.53,0.83,-0.04,-10.54
2017-05-14,19,9,Stellar,XLM,368698663.0,0.03865,9539833433,0.03865,1.05,2.78,-10.20
2017-05-14,19,10,Augur,REP,187021275.0,17.00,11000000,17.00,0.23,4.13,-2.40
2017-05-14,19,11,Steem,STEEM,176353680.0,0.7554,233468492,0.7554,2.54,3.50,39.99
2017-05-14,19,12,Golem,GNT,172826514.0,0.2107,820252000,0.2107,-0.12,-2.39,-12.00
2017-05-14,19,13,MaidSafeCoin,MAID,157857687.0,0.3488,452552412,0.3488,2.98,7.41,7.16
2017-05-14,19,14,Round,ROUND,148835797.0,0.1751,850000000,0.1751,4.43,-20.18,233.33
2017-05-14,19,15,Dogecoin,DOGE,139315466.0,0.001274,109369286025,0.001274,0.89,6.33,-6.00
2017-05-14,19,16,Waves,WAVES,137142992.0,1.37,100000000,1.37,0.2,14.64,69.53
2017-05-14,19,17,Zcash,ZEC,125974894.0,96.70,1302694,96.70,1.35,0.06,-7.39
2017-05-14,19,18,Stratis,STRAT,125607787.0,1.28,98384702,1.28,0.64,1.82,9.72
2017-05-14,19,19,Gnosis,GNO,124099985.0,112.35,1104590,112.35,0.41,0.93,5.46
2017-05-14,19,20,SingularDTV,SNGLS,102136105.0,0.1702,600000000,0.1702,2.23,25.66,50.29
2017-05-21,20,1,Bitcoin,BTC,33361050414.0,2041.20,16343862,2041.20,-0.97,-1.56,13.85
2017-05-21,20,2,Ethereum,ETH,14500384779.0,157.94,91811428,157.94,2.48,23.46,73.87
2017-05-21,20,3,XRP,XRP,12954690958.0,0.3362,38532538149,0.3362,-1.51,-4.73,49.68
2017-05-21,20,4,NEM,XEM,2196370035.0,0.244,8999999999,0.244,0.82,6.97,95.65
2017-05-21,20,5,Litecoin,LTC,1346702262.0,26.30,51208957,26.30,-0.84,-4.10,-7.17
2017-05-21,20,6,Ethereum Classic,ETC,863422277.0,9.40,91846924,9.40,17.3,25.93,40.28
2017-05-21,20,7,Dash,DASH,745882849.0,102.03,7310215,102.03,-0.13,1.15,14.94
2017-05-21,20,8,Bytecoin,BCN,699215148.0,0.003822,182921264139,0.003822,-7.03,58.51,720.62
2017-05-21,20,9,Stellar,XLM,585609729.0,0.06084,9624877910,0.06084,-6.01,13.13,57.46
2017-05-21,20,10,Monero,XMR,502280206.0,34.64,14499752,34.64,1.5,-0.08,23.06
2017-05-21,20,11,Dogecoin,DOGE,335148800.0,0.003062,109466297666,0.003062,7.91,60.16,150.48
2017-05-21,20,12,Steem,STEEM,303226532.0,1.30,233387600,1.30,4.2,7.99,76.05
2017-05-21,20,13,Siacoin,SC,279245046.0,0.01067,26172157674,0.01067,-0.18,21.53,311.48
2017-05-21,20,14,Golem,GNT,261157495.0,0.3166,824872000,0.3166,-4.2,23.73,51.34
2017-05-21,20,15,BitShares,BTS,260930351.0,0.1003,2601540000,0.1003,0.01,10.03,158.38
2017-05-21,20,16,Gnosis,GNO,238585170.0,215.99,1104590,215.99,0.95,21.74,94.23
2017-05-21,20,17,Stratis,STRAT,207706823.0,2.11,98393718,2.11,-0.56,5.61,67.61
2017-05-21,20,18,Augur,REP,190946747.0,17.36,11000000,17.36,0.5,-0.52,3.24
2017-05-21,20,19,GameCredits,GAME,177378848.0,2.82,62803850,2.82,-3.27,-13.80,113.08
2017-05-21,20,20,Waves,WAVES,176811445.0,1.77,100000000,1.77,-0.12,7.10,29.88
2017-05-28,21,1,Bitcoin,BTC,35264179896.0,2155.80,16357812,2155.80,0.4,4.48,4.07
2017-05-28,21,2,Ethereum,ETH,15689184270.0,170.51,92012788,170.51,0.87,7.52,8.28
2017-05-28,21,3,XRP,XRP,8780281574.0,0.2296,38249335400,0.2296,-0.32,6.54,-32.19
2017-05-28,21,4,NEM,XEM,1873133674.0,0.2081,8999999999,0.2081,1.01,4.69,-19.21
2017-05-28,21,5,Ethereum Classic,ETC,1485172406.0,16.13,92071446,16.13,-1.21,-1.00,87.33
2017-05-28,21,6,Litecoin,LTC,1242754871.0,24.22,51309882,24.22,-0.6,0.83,-7.14
2017-05-28,21,7,Dash,DASH,792047347.0,108.14,7324037,108.14,0.7,7.19,7.48
2017-05-28,21,8,Monero,XMR,535614122.0,36.84,14537914,36.84,-0.26,9.73,7.75
2017-05-28,21,9,Bytecoin,BCN,464423067.0,0.002539,182950636434,0.002539,-0.87,1.86,-35.67
2017-05-28,21,10,Golem,GNT,396547548.0,0.4807,824872000,0.4807,0.97,40.83,50.38
2017-05-28,21,11,Stellar,XLM,341743406.0,0.03536,9663656446,0.03536,0.34,6.33,-42.86
2017-05-28,21,12,Stratis,STRAT,307323200.0,3.12,98402733,3.12,2.91,16.19,54.15
2017-05-28,21,13,Dogecoin,DOGE,282586858.0,0.002579,109563730212,0.002579,0.84,-2.03,-14.80
2017-05-28,21,14,Zcash,ZEC,275469706.0,196.32,1403181,196.32,0.81,1.60,62.76
2017-05-28,21,15,Waves,WAVES,246542358.0,2.47,100000000,2.47,-1.23,8.27,38.82
2017-05-28,21,16,Gnosis,GNO,231173128.0,209.28,1104590,209.28,2.26,8.33,1.22
2017-05-28,21,17,Steem,STEEM,224025437.0,0.9574,233990789,0.9574,0.98,13.06,-20.70
2017-05-28,21,18,Augur,REP,223680143.0,20.33,11000000,20.33,3.32,-0.03,15.99
2017-05-28,21,19,Siacoin,SC,177903279.0,0.006738,26401985184,0.006738,-2.53,-2.37,-31.89
2017-05-28,21,20,MaidSafeCoin,MAID,161748719.0,0.3574,452552412,0.3574,-0.34,6.69,-3.32
2017-06-04,22,1,Bitcoin,BTC,41124195603.0,2511.81,16372362,2511.81,0.22,-0.40,17.79
2017-06-04,22,2,Ethereum,ETH,22622230133.0,245.33,92210586,245.33,-0.67,9.40,46.86
2017-06-04,22,3,XRP,XRP,11563834773.0,0.2994,38621693933,0.2994,1.6,4.94,35.95
2017-06-04,22,4,NEM,XEM,1940053582.0,0.2156,8999999999,0.2156,0.27,-0.65,7.40
2017-06-04,22,5,Ethereum Classic,ETC,1612317546.0,17.48,92221134,17.48,0.33,7.37,11.57
2017-06-04,22,6,Litecoin,LTC,1436514968.0,27.94,51415482,27.94,1.12,2.11,18.13
2017-06-04,22,7,Dash,DASH,1052615781.0,143.35,7343159,143.35,1.07,-0.26,34.56
2017-06-04,22,8,Stratis,STRAT,1031727236.0,10.48,98411760,10.48,1.66,12.73,231.28
2017-06-04,22,9,Monero,XMR,625243117.0,42.90,14575336,42.90,-0.03,1.31,17.05
2017-06-04,22,10,Waves,WAVES,534606266.0,5.35,100000000,5.35,0.15,4.71,118.44
2017-06-04,22,11,Bytecoin,BCN,460184393.0,0.002515,182978235018,0.002515,-1.82,-5.86,0.20
2017-06-04,22,12,DigiByte,DGB,405103741.0,0.04997,8107031908,0.04997,1.87,-0.35,278.21
2017-06-04,22,13,Golem,GNT,395861655.0,0.4799,824872000,0.4799,-0.95,3.59,2.71
2017-06-04,22,14,Stellar,XLM,386497195.0,0.03999,9664980140,0.03999,1.83,2.20,14.64
2017-06-04,22,15,Siacoin,SC,382912465.0,0.01441,26578612515,0.01441,1.32,-7.23,115.01
2017-06-04,22,16,Dogecoin,DOGE,348600942.0,0.003179,109661107970,0.003179,-0.86,-3.16,27.16
2017-06-04,22,17,Zcash,ZEC,348108361.0,239.52,1453381,239.52,0.09,4.28,23.87
2017-06-04,22,18,Augur,REP,318529400.0,28.96,11000000,28.96,1.79,10.65,42.20
2017-06-04,22,19,Steem,STEEM,305209601.0,1.30,234199265,1.30,1.27,1.99,40.64
2017-06-04,22,20,GameCredits,GAME,302111426.0,4.79,63055800,4.79,4.23,18.11,104.00
2017-06-11,23,1,Bitcoin,BTC,48471351909.0,2958.11,16385912,2958.11,0.27,1.80,17.09
2017-06-11,23,2,Ethereum,ETH,31473955353.0,340.61,92404974,340.61,-0.92,0.85,37.78
2017-06-11,23,3,XRP,XRP,10453873065.0,0.2728,38326381283,0.2728,0.06,3.92,-7.91
2017-06-11,23,4,Ethereum Classic,ETC,1995251220.0,21.57,92512596,21.57,0.04,15.64,25.02
2017-06-11,23,5,NEM,XEM,1962153643.0,0.218,8999999999,0.218,0.94,7.84,0.05
2017-06-11,23,6,Litecoin,LTC,1710729366.0,33.22,51502782,33.22,0.32,9.20,17.32
2017-06-11,23,7,Dash,DASH,1385073979.0,188.27,7356917,188.27,-0.83,23.15,31.84
2017-06-11,23,8,BitShares,BTS,1020271205.0,0.392,2602450000,0.392,5.17,6.36,249.59
2017-06-11,23,9,Monero,XMR,857729833.0,58.70,14611783,58.70,1.28,12.50,35.80
2017-06-11,23,10,Stratis,STRAT,856339118.0,8.70,98420777,8.70,0.05,22.29,-16.83
2017-06-11,23,11,Waves,WAVES,632091331.0,6.32,100000000,6.32,1.23,9.69,18.69
2017-06-11,23,12,Bytecoin,BCN,622202239.0,0.0034,183007097582,0.0034,0.14,-4.09,29.74
2017-06-11,23,13,Steem,STEEM,574412945.0,2.45,234063327,2.45,6.48,6.05,83.94
2017-06-11,23,14,Zcash,ZEC,497822473.0,331.10,1503544,331.10,2.31,2.09,38.66
2017-06-11,23,15,Golem,GNT,476921216.0,0.5751,829252000,0.5751,-0.59,-3.02,19.60
2017-06-11,23,16,Stellar,XLM,443769933.0,0.04592,9665007423,0.04592,1.02,7.71,15.76
2017-06-11,23,17,Lisk,LSK,423160536.0,3.91,108186185,3.91,2.28,3.56,173.82
2017-06-11,23,18,Siacoin,SC,408715516.0,0.01524,26818907295,0.01524,-0.16,-4.11,3.59
2017-06-11,23,19,Dogecoin,DOGE,395265629.0,0.003601,109757989706,0.003601,1.25,8.64,11.72
2017-06-11,23,20,Augur,REP,371533115.0,33.78,11000000,33.78,0.98,-0.04,17.96
2017-06-18,24,1,Bitcoin,BTC,41788447639.0,2548.29,16398612,2548.29,0.35,-3.90,-14.00
2017-06-18,24,2,Ethereum,ETH,34398156576.0,371.46,92603067,371.46,0.06,-1.75,7.22
2017-06-18,24,3,XRP,XRP,10897410834.0,0.2846,38290271363,0.2846,0.02,5.97,3.58
2017-06-18,24,4,Litecoin,LTC,2376273084.0,46.04,51611432,46.04,2.19,-2.82,40.72
2017-06-18,24,5,Ethereum Classic,ETC,2046194288.0,22.07,92732972,22.07,0.29,-2.37,2.76
2017-06-18,24,6,NEM,XEM,1782298118.0,0.198,8999999999,0.198,-0.48,-3.15,-10.84
2017-06-18,24,7,Dash,DASH,1426442712.0,193.53,7370766,193.53,1.11,8.67,0.95
2017-06-18,24,8,IOTA,MIOTA,1128105978.0,0.4059,2779530283,0.4059,0.19,-3.13,0.00
2017-06-18,24,9,BitShares,BTS,845946486.0,0.3258,2596190000,0.3258,0.2,-4.12,-11.79
2017-06-18,24,10,Stratis,STRAT,730618790.0,7.42,98429803,7.42,-0.18,-4.61,-14.76
2017-06-18,24,11,Monero,XMR,726591002.0,49.60,14648596,49.60,0.31,-1.67,-13.93
2017-06-18,24,12,Zcash,ZEC,584999446.0,376.82,1552444,376.82,0.71,-1.23,15.38
2017-06-18,24,13,Waves,WAVES,498612690.0,4.99,100000000,4.99,-0.21,-3.96,-19.39
2017-06-18,24,14,Bytecoin,BCN,480714197.0,0.002626,183030840091,0.002626,-0.49,-14.82,-22.80
2017-06-18,24,15,Golem,GNT,480179066.0,0.5791,829252000,0.5791,0.77,-6.02,1.40
2017-06-18,24,16,Steem,STEEM,468183021.0,2.00,234640882,2.00,-0.39,-2.32,-15.02
2017-06-18,24,17,Siacoin,SC,430005204.0,0.01591,27022941464,0.01591,0.5,-3.66,2.38
2017-06-18,24,18,Stellar,XLM,370483914.0,0.03833,9665109422,0.03833,-0.18,-1.93,-16.47
2017-06-18,24,19,Dogecoin,DOGE,354811913.0,0.00323,109855092820,0.00323,1.08,-2.72,-9.08
2017-06-18,24,20,BitConnect,BCC,342832855.0,50.90,6734938,50.90,-0.62,0.07,-3.14
2017-06-25,25,1,Bitcoin,BTC,42494976234.0,2589.41,16411075,2589.41,0.54,-0.31,1.28
2017-06-25,25,2,Ethereum,ETH,28138433535.0,303.25,92790090,303.25,1.99,-5.81,-18.87
2017-06-25,25,3,XRP,XRP,11427040791.0,0.2984,38291387790,0.2984,0.43,-3.77,5.31
2017-06-25,25,4,Litecoin,LTC,2271525851.0,43.92,51714482,43.92,0.92,-1.01,-2.72
2017-06-25,25,5,Ethereum Classic,ETC,1990808257.0,21.42,92955426,21.42,0.29,6.93,-3.68
2017-06-25,25,6,NEM,XEM,1594635218.0,0.1772,8999999999,0.1772,2.08,-4.36,-10.85
2017-06-25,25,7,IOTA,MIOTA,1308995122.0,0.4709,2779530283,0.4709,2.09,-6.80,15.51
2017-06-25,25,8,Dash,DASH,1276617821.0,172.88,7384532,172.88,0.96,-4.80,-11.03
2017-06-25,25,9,BitShares,BTS,777820920.0,0.2996,2596340000,0.2996,0.29,-4.14,-8.72
2017-06-25,25,10,Stratis,STRAT,697417515.0,7.08,98438822,7.08,2.18,-6.78,-5.30
2017-06-25,25,11,Monero,XMR,673947366.0,45.89,14685464,45.89,0.76,-3.87,-7.90
2017-06-25,25,12,Zcash,ZEC,512366180.0,330.04,1552444,330.04,3.2,-7.76,-12.18
2017-06-25,25,13,Golem,GNT,468099980.0,0.5645,829252000,0.5645,3.59,-9.03,-6.75
2017-06-25,25,14,Waves,WAVES,462485313.0,4.62,100000000,4.62,1.32,-4.72,-8.34
2017-06-25,25,15,Bytecoin,BCN,460369811.0,0.002515,183060993956,0.002515,1.34,-6.26,-5.21
2017-06-25,25,16,Steem,STEEM,445070341.0,1.89,235054917,1.89,1.19,-7.51,-5.46
2017-06-25,25,17,Siacoin,SC,440222989.0,0.01617,27219036090,0.01617,1.78,-5.46,0.82
2017-06-25,25,18,Iconomi,ICN,352689404.0,4.05,87000000,4.05,11.81,-7.89,73.56
2017-06-25,25,19,BitConnect,BCC,346581884.0,51.16,6773896,51.16,0.12,-2.45,0.09
2017-06-25,25,20,Lisk,LSK,330272282.0,3.04,108786925,3.04,3.61,-6.30,-4.34
2017-07-02,26,1,Bitcoin,BTC,41167090927.0,2506.47,16424300,2506.47,0.22,3.37,-3.36
2017-07-02,26,2,Ethereum,ETH,26776232589.0,287.99,92977266,287.99,-0.5,5.63,-5.24
2017-07-02,26,3,XRP,XRP,9934661326.0,0.2594,38291387790,0.2594,0.28,2.14,-13.52
2017-07-02,26,4,Litecoin,LTC,2153779043.0,41.57,51813832,41.57,0.47,7.50,-5.84
2017-07-02,26,5,Ethereum Classic,ETC,1668376593.0,17.91,93176546,17.91,0.12,1.73,-17.91
2017-07-02,26,6,NEM,XEM,1433802053.0,0.1593,8999999999,0.1593,1.99,9.45,-9.82
2017-07-02,26,7,Dash,DASH,1283557618.0,173.49,7398351,173.49,0.11,4.82,-0.53
2017-07-02,26,8,IOTA,MIOTA,1062473079.0,0.3822,2779530283,0.3822,1.33,-1.28,-16.51
2017-07-02,26,9,Monero,XMR,629998886.0,42.79,14721599,42.79,0.09,5.02,-8.17
2017-07-02,26,10,Stratis,STRAT,578879650.0,5.88,98447840,5.88,-0.63,4.01,-16.87
2017-07-02,26,11,BitShares,BTS,556410033.0,0.2143,2596520000,0.2143,0.79,-3.87,-28.90
2017-07-02,26,12,Zcash,ZEC,468653575.0,301.88,1552444,301.88,0.49,6.54,-7.76
2017-07-02,26,13,Neo,NEO,404759359.0,8.10,50000000,8.10,-1.84,3.62,34.07
2017-07-02,26,14,Bytecoin,BCN,402339916.0,0.002198,183087501526,0.002198,0.9,-9.99,-14.58
2017-07-02,26,15,Golem,GNT,389886181.0,0.468,833032000,0.468,-0.19,5.92,-16.37
2017-07-02,26,16,Steem,STEEM,387756047.0,1.64,235870964,1.64,0.18,3.72,-15.67
2017-07-02,26,17,Waves,WAVES,362346601.0,3.62,100000000,3.62,0.63,-1.57,-21.63
2017-07-02,26,18,Siacoin,SC,358829239.0,0.01308,27427555815,0.01308,0.26,4.47,-20.21
2017-07-02,26,19,Gnosis,GNO,357088820.0,323.28,1104590,323.28,0.51,6.56,57.59
2017-07-02,26,20,BitConnect,BCC,354962572.0,52.04,6820946,52.04,0.02,4.07,0.82
2017-07-09,27,1,Bitcoin,BTC,41397103733.0,2518.44,16437587,2518.44,-0.4,-1.92,1.02
2017-07-09,27,2,Ethereum,ETH,22559148764.0,242.14,93166765,242.14,-1.1,-3.10,-15.51
2017-07-09,27,3,XRP,XRP,8937821089.0,0.2334,38291387790,0.2334,-1.28,-2.02,-9.26
2017-07-09,27,4,Litecoin,LTC,2574187082.0,49.58,51919307,49.58,-1.69,-5.54,18.69
2017-07-09,27,5,Ethereum Classic,ETC,1518488330.0,16.26,93398121,16.26,-1.41,-4.19,-8.45
2017-07-09,27,6,Dash,DASH,1450959009.0,195.64,7416627,195.64,-0.81,-6.52,13.50
2017-07-09,27,7,NEM,XEM,1376932517.0,0.153,8999999999,0.153,-1.61,-2.54,-2.17
2017-07-09,27,8,IOTA,MIOTA,841888125.0,0.3029,2779530283,0.3029,-1.55,3.42,-19.62
2017-07-09,27,9,Monero,XMR,661790136.0,44.85,14755724,44.85,-1.13,-2.98,5.67
2017-07-09,27,10,EOS,EOS,472683216.0,2.29,206211065,2.29,0.32,-10.72,-20.64
2017-07-09,27,11,BitShares,BTS,440920701.0,0.1698,2596700000,0.1698,-2.62,-11.37,-19.94
2017-07-09,27,12,Stratis,STRAT,421373211.0,4.28,98456879,4.28,-0.94,-14.03,-26.11
2017-07-09,27,13,Zcash,ZEC,411482404.0,241.43,1704344,241.43,-0.79,-3.48,-17.48
2017-07-09,27,14,BitConnect,BCC,404674439.0,58.96,6863668,58.96,-0.26,-2.09,13.98
2017-07-09,27,15,Waves,WAVES,374990821.0,3.75,100000000,3.75,-1.63,-4.02,4.14
2017-07-09,27,16,Steem,STEEM,360491273.0,1.53,236356906,1.53,-0.51,-8.99,-5.73
2017-07-09,27,17,Neo,NEO,344760919.0,6.90,50000000,6.90,-2.16,-8.10,-14.47
2017-07-09,27,18,Veritaseum,VERI,318193999.0,161.68,1968050,161.68,-6.17,-8.79,81.34
2017-07-09,27,19,Gnosis,GNO,305691338.0,276.75,1104590,276.75,-0.9,-7.26,-14.24
2017-07-09,27,20,Bytecoin,BCN,284921631.0,0.001556,183112440551,0.001556,-1.87,-4.20,-28.90
2017-07-16,28,1,Bitcoin,BTC,31748976616.0,1929.82,16451762,1929.82,-0.82,-4.40,-23.69
2017-07-16,28,2,Ethereum,ETH,14687420857.0,157.36,93334784,157.36,-2.67,-8.65,-35.33
2017-07-16,28,3,XRP,XRP,5669253182.0,0.1481,38291387790,0.1481,-3.7,-14.17,-36.85
2017-07-16,28,4,Litecoin,LTC,2128385515.0,40.91,52022407,40.91,-1.02,3.74,-18.49
2017-07-16,28,5,Ethereum Classic,ETC,1327394023.0,14.18,93622423,14.18,-4.68,-5.50,-13.38
2017-07-16,28,6,Dash,DASH,985597401.0,132.64,7430433,132.64,-0.65,-6.28,-32.95
2017-07-16,28,7,NEM,XEM,875642069.0,0.09729,8999999999,0.09729,-1.05,-12.93,-37.58
2017-07-16,28,8,IOTA,MIOTA,503034785.0,0.181,2779530283,0.181,-0.09,12.63,-39.74
2017-07-16,28,9,Monero,XMR,435296216.0,29.43,14791298,29.43,-0.53,-8.52,-34.94
2017-07-16,28,10,Tether,USDT,294234207.0,0.9992,294481328,0.9992,0.52,-0.33,-0.90
2017-07-16,28,11,Zcash,ZEC,291212953.0,165.98,1754519,165.98,4.23,3.52,-31.39
2017-07-16,28,12,BitConnect,BCC,283391304.0,48.05,5897680,48.05,-1.0,1.23,-18.63
2017-07-16,28,13,Stratis,STRAT,283154392.0,2.88,98465906,2.88,-1.18,-9.61,-33.34
2017-07-16,28,14,EOS,EOS,278729136.0,1.25,222258737,1.25,0.54,-3.92,-45.05
2017-07-16,28,15,Veritaseum,VERI,269789722.0,137.06,1968450,137.06,14.25,27.16,-15.42
2017-07-16,28,16,Neo,NEO,252236462.0,5.04,50000000,5.04,0.18,-1.48,-27.37
2017-07-16,28,17,BitShares,BTS,246387447.0,0.09488,2596890000,0.09488,-0.41,-8.13,-44.87
2017-07-16,28,18,Steem,STEEM,213580980.0,0.8969,238130567,0.8969,-1.43,-6.43,-41.38
2017-07-16,28,19,Bytecoin,BCN,209055550.0,0.001142,183138440747,0.001142,0.13,-10.97,-26.87
2017-07-16,28,20,Qtum,QTUM,200448486.0,3.93,51000000,3.93,0.69,-1.06,-38.95
2017-07-23,29,1,Bitcoin,BTC,44957797776.0,2730.40,16465637,2730.40,0.51,-2.96,40.28
2017-07-23,29,2,Ethereum,ETH,21127274384.0,225.95,93503881,225.95,0.78,-1.92,41.26
2017-07-23,29,3,XRP,XRP,7469032508.0,0.1951,38291387790,0.1951,0.41,0.54,28.36
2017-07-23,29,4,Litecoin,LTC,2296963846.0,44.06,52137507,44.06,0.34,-5.40,7.91
2017-07-23,29,5,NEM,XEM,1495223567.0,0.1661,8999999999,0.1661,-0.43,-6.00,67.23
2017-07-23,29,6,Ethereum Classic,ETC,1480463001.0,15.78,93842401,15.78,0.2,-4.56,8.34
2017-07-23,29,7,Dash,DASH,1422096914.0,191.03,7444274,191.03,1.76,-2.07,41.85
2017-07-23,29,8,IOTA,MIOTA,747894342.0,0.2691,2779530283,0.2691,-1.3,-1.76,48.52
2017-07-23,29,9,Monero,XMR,632586466.0,42.67,14826710,42.67,0.33,-4.22,41.98
2017-07-23,29,10,Stratis,STRAT,607364096.0,6.17,98474946,6.17,0.13,-9.23,109.78
2017-07-23,29,11,BitShares,BTS,444705137.0,0.1712,2597120000,0.1712,2.66,-8.52,75.25
2017-07-23,29,12,EOS,EOS,441892029.0,1.87,236929505,1.87,1.45,-5.63,44.71
2017-07-23,29,13,Neo,NEO,428255177.0,8.57,50000000,8.57,0.34,-2.05,67.80
2017-07-23,29,14,Veritaseum,VERI,397359015.0,198.06,2006279,198.06,-3.88,-14.77,65.69
2017-07-23,29,15,Zcash,ZEC,386960944.0,214.42,1804694,214.42,0.35,-1.74,34.45
2017-07-23,29,16,Steem,STEEM,382352297.0,1.61,237440626,1.61,1.77,-8.30,76.84
2017-07-23,29,17,BitConnect,BCC,367327127.0,60.14,6107403,60.14,0.18,-11.02,24.30
2017-07-23,29,18,Waves,WAVES,364767957.0,3.65,100000000,3.65,1.02,-7.02,87.32
2017-07-23,29,19,Qtum,QTUM,338738897.0,6.64,51000000,6.64,0.7,-12.59,63.92
2017-07-23,29,20,Tether,USDT,318786048.0,0.9978,319501313,0.9978,0.05,0.35,-0.03
2017-07-30,30,1,Bitcoin,BTC,45435928834.0,2757.18,16479125,2757.18,0.27,1.54,0.54
2017-07-30,30,2,Ethereum,ETH,18545654963.0,197.98,93675406,197.98,-0.23,-3.16,-12.51
2017-07-30,30,3,XRP,XRP,6328093857.0,0.1651,38333090674,0.1651,-0.48,-1.88,-15.19
2017-07-30,30,4,Litecoin,LTC,2111805504.0,40.42,52243982,40.42,-0.39,-2.23,-8.52
2017-07-30,30,5,NEM,XEM,1444499239.0,0.1605,8999999999,0.1605,-1.09,-5.09,-4.17
2017-07-30,30,6,Ethereum Classic,ETC,1298613419.0,13.81,94033804,13.81,-0.59,-3.36,-12.83
2017-07-30,30,7,Dash,DASH,1288933999.0,172.82,7458079,172.82,-0.08,-6.89,-8.96
2017-07-30,30,8,IOTA,MIOTA,708182544.0,0.2548,2779530283,0.2548,0.37,-6.96,-4.25
2017-07-30,30,9,Monero,XMR,588803635.0,39.62,14861481,39.62,-0.19,-9.39,-7.39
2017-07-30,30,10,Stratis,STRAT,477451509.0,4.85,98483969,4.85,-0.31,-4.71,-22.31
2017-07-30,30,11,EOS,EOS,448515202.0,1.78,251663858,1.78,-0.23,-1.74,-5.83
2017-07-30,30,12,BitConnect,BCC,387879184.0,61.52,6305063,61.52,-0.81,-4.99,0.17
2017-07-30,30,13,Neo,NEO,357402587.0,7.15,50000000,7.15,0.25,-0.93,-16.65
2017-07-30,30,14,BitShares,BTS,326801140.0,0.1258,2597340000,0.1258,-0.65,-4.64,-26.30
2017-07-30,30,15,Qtum,QTUM,326183952.0,5.53,59000000,5.53,-1.14,-3.26,-18.57
2017-07-30,30,16,Zcash,ZEC,325351632.0,175.42,1854731,175.42,-0.75,-4.79,-17.71
2017-07-30,30,17,Tether,USDT,319139629.0,0.9989,319501213,0.9989,-0.18,0.14,0.22
2017-07-30,30,18,Steem,STEEM,286350863.0,1.20,238329170,1.20,0.63,-5.21,-25.18
2017-07-30,30,19,Veritaseum,VERI,282557163.0,140.84,2006279,140.84,0.26,-8.74,-24.01
2017-07-30,30,20,Waves,WAVES,271808553.0,2.72,100000000,2.72,-1.16,-4.59,-24.87
2017-08-06,31,1,Bitcoin,BTC,53006437221.0,3213.94,16492662,3213.94,-0.92,-1.44,17.38
2017-08-06,31,2,Ethereum,ETH,24541942940.0,261.57,93826454,261.57,-2.27,2.49,31.97
2017-08-06,31,3,XRP,XRP,6918935142.0,0.1804,38343841883,0.1804,-1.14,-2.57,9.50
2017-08-06,31,4,Bitcoin Cash,BCH,3637260519.0,220.66,16483825,220.66,2.43,5.49,-35.71
2017-08-06,31,5,Litecoin,LTC,2360944163.0,45.10,52345607,45.10,-0.68,-3.72,11.68
2017-08-06,31,6,NEM,XEM,2234863490.0,0.2483,8999999999,0.2483,4.53,7.47,52.00
2017-08-06,31,7,Ethereum Classic,ETC,1447320376.0,15.35,94285006,15.35,-1.42,-3.45,11.03
2017-08-06,31,8,Dash,DASH,1414046356.0,189.13,7476442,189.13,-0.59,-2.34,8.28
2017-08-06,31,9,IOTA,MIOTA,1198373080.0,0.4311,2779530283,0.4311,1.77,5.80,67.27
2017-08-06,31,10,Neo,NEO,760546637.0,15.21,50000000,15.21,-3.41,7.27,111.73
2017-08-06,31,11,Monero,XMR,712456364.0,47.83,14895528,47.83,-0.48,-1.60,18.70
2017-08-06,31,12,Stratis,STRAT,661639585.0,6.72,98492988,6.72,-1.28,-6.04,39.32
2017-08-06,31,13,Qtum,QTUM,594278526.0,10.07,59000000,10.07,-5.18,6.27,81.92
2017-08-06,31,14,Waves,WAVES,520620298.0,5.21,100000000,5.21,1.38,20.74,87.20
2017-08-06,31,15,BitConnect,BCC,505829916.0,79.32,6377220,79.32,-0.69,0.24,29.51
2017-08-06,31,16,EOS,EOS,463463563.0,1.74,267073104,1.74,-2.66,-7.87,-1.98
2017-08-06,31,17,BitShares,BTS,394982197.0,0.1521,2597600000,0.1521,-2.69,-10.81,20.64
2017-08-06,31,18,Zcash,ZEC,393000391.0,206.30,1904994,206.30,-1.27,-0.59,17.49
2017-08-06,31,19,Steem,STEEM,328498552.0,1.38,238614754,1.38,1.51,1.04,13.72
2017-08-06,31,20,Veritaseum,VERI,327338240.0,163.14,2006533,163.14,-1.24,7.31,15.00
2017-08-13,32,1,Bitcoin,BTC,67230609742.0,4073.26,16505337,4073.26,-0.46,4.48,25.88
2017-08-13,32,2,Ethereum,ETH,28011768699.0,298.06,93979013,298.06,0.08,-3.42,12.86
2017-08-13,32,3,XRP,XRP,6446782517.0,0.1681,38352642160,0.1681,-0.38,-2.84,-7.12
2017-08-13,32,4,Bitcoin Cash,BCH,4914960174.0,298.05,16490225,298.05,-1.05,-5.52,31.04
2017-08-13,32,5,Litecoin,LTC,2402844118.0,45.81,52449207,45.81,0.0,-0.76,0.93
2017-08-13,32,6,Neo,NEO,2332277489.0,46.65,50000000,46.65,-4.67,28.75,203.67
2017-08-13,32,7,NEM,XEM,2316049665.0,0.2573,8999999999,0.2573,-1.24,-6.18,4.53
2017-08-13,32,8,IOTA,MIOTA,2245063826.0,0.8077,2779530283,0.8077,-1.08,9.21,92.33
2017-08-13,32,9,Dash,DASH,1484312177.0,198.17,7490259,198.17,-0.38,-3.31,3.85
2017-08-13,32,10,Ethereum Classic,ETC,1351010656.0,14.30,94504901,14.30,0.03,-3.01,-7.41
2017-08-13,32,11,Qtum,QTUM,894965466.0,15.17,59000000,15.17,-2.83,12.03,45.04
2017-08-13,32,12,Monero,XMR,713061963.0,47.76,14929985,47.76,-0.01,-3.50,-0.01
2017-08-13,32,13,OmiseGO,OMG,682614776.0,6.94,98312024,6.94,-3.15,15.15,141.08
2017-08-13,32,14,BitConnect,BCC,664050683.0,103.23,6432494,103.23,-2.0,-1.64,29.29
2017-08-13,32,15,Stratis,STRAT,641806800.0,6.52,98502001,6.52,0.34,-3.02,-3.55
2017-08-13,32,16,TenX,PAY,534690250.0,5.11,104661310,5.11,-1.86,12.94,147.25
2017-08-13,32,17,Waves,WAVES,478845930.0,4.79,100000000,4.79,-1.89,-4.66,-3.54
2017-08-13,32,18,EOS,EOS,455026090.0,1.62,281489450,1.62,-0.98,-2.33,-8.95
2017-08-13,32,19,Zcash,ZEC,419021176.0,214.30,1955256,214.30,0.45,-3.84,3.33
2017-08-13,32,20,BitShares,BTS,408484912.0,0.1572,2597840000,0.1572,-0.28,-7.24,1.76
2017-08-20,33,1,Bitcoin,BTC,67520408829.0,4087.66,16518125,4087.66,-1.52,-1.76,0.89
2017-08-20,33,2,Ethereum,ETH,28375090433.0,301.43,94135404,301.43,0.86,2.06,0.83
2017-08-20,33,3,Bitcoin Cash,BCH,11764310194.0,712.87,16502675,712.87,-2.74,-7.97,133.64
2017-08-20,33,4,XRP,XRP,6086526581.0,0.1587,38343841883,0.1587,-1.15,2.42,-7.32
2017-08-20,33,5,IOTA,MIOTA,2618887032.0,0.9422,2779530283,0.9422,-5.34,-2.55,17.34
2017-08-20,33,6,NEM,XEM,2442972064.0,0.2714,8999999999,0.2714,-1.76,5.79,3.43
2017-08-20,33,7,Litecoin,LTC,2429289241.0,46.23,52546782,46.23,-1.45,1.98,0.56
2017-08-20,33,8,Dash,DASH,2207685200.0,294.20,7504078,294.20,-2.17,-2.51,47.86
2017-08-20,33,9,Neo,NEO,1909273911.0,38.19,50000000,38.19,-1.87,-2.89,-23.51
2017-08-20,33,10,Ethereum Classic,ETC,1315544997.0,13.89,94726203,13.89,-0.8,1.48,-3.27
2017-08-20,33,11,OmiseGO,OMG,829751379.0,8.44,98312024,8.44,-1.48,11.30,20.39
2017-08-20,33,12,Monero,XMR,818088876.0,54.71,14953626,54.71,-1.09,-2.00,14.60
2017-08-20,33,13,BitConnect,BCC,757218360.0,116.77,6484563,116.77,-2.02,-1.87,12.08
2017-08-20,33,14,Qtum,QTUM,695812333.0,11.79,59000000,11.79,-1.31,2.64,-24.67
2017-08-20,33,15,Stratis,STRAT,564013983.0,5.73,98511024,5.73,-2.76,1.64,-12.75
2017-08-20,33,16,Waves,WAVES,486464214.0,4.86,100000000,4.86,-0.63,10.79,0.37
2017-08-20,33,17,Zcash,ZEC,483462666.0,241.07,2005456,241.07,-1.87,4.01,12.99
2017-08-20,33,18,TenX,PAY,423703703.0,4.05,104661310,4.05,-4.25,0.00,-20.45
2017-08-20,33,19,EOS,EOS,405019933.0,1.37,295557242,1.37,-0.4,-1.71,-15.64
2017-08-20,33,20,Lisk,LSK,378305360.0,3.40,111182070,3.40,0.85,32.92,50.80
2017-08-27,34,1,Bitcoin,BTC,72441911150.0,4382.88,16528400,4382.88,0.09,0.93,6.69
2017-08-27,34,2,Ethereum,ETH,32799992245.0,347.89,94281839,347.89,1.84,3.93,16.11
2017-08-27,34,3,Bitcoin Cash,BCH,10274652063.0,620.90,16548100,620.90,-0.61,-0.99,-15.72
2017-08-27,34,4,XRP,XRP,7783592843.0,0.203,38343841883,0.203,-0.14,-4.31,27.79
2017-08-27,34,5,Litecoin,LTC,3220426376.0,61.16,52656832,61.16,-0.7,18.34,31.45
2017-08-27,34,6,Dash,DASH,2728163508.0,362.89,7517880,362.89,-1.75,-8.19,22.83
2017-08-27,34,7,IOTA,MIOTA,2558144714.0,0.9204,2779530283,0.9204,0.32,-4.68,-3.22
2017-08-27,34,8,NEM,XEM,2471765578.0,0.2746,8999999999,0.2746,0.06,2.10,-1.37
2017-08-27,34,9,Neo,NEO,2004660988.0,40.09,50000000,40.09,0.44,4.36,5.88
2017-08-27,34,10,Monero,XMR,1959964174.0,130.67,14998807,130.67,0.02,-5.06,138.91
2017-08-27,34,11,Ethereum Classic,ETC,1520679552.0,16.02,94928358,16.02,-0.09,4.92,14.95
2017-08-27,34,12,Qtum,QTUM,926100185.0,15.70,59000000,15.70,0.99,1.70,31.76
2017-08-27,34,13,OmiseGO,OMG,819091227.0,8.33,98312024,8.33,1.32,0.70,-1.50
2017-08-27,34,14,Lisk,LSK,765071485.0,6.86,111482570,6.86,-3.14,15.60,99.20
2017-08-27,34,15,BitConnect,BCC,751293807.0,114.99,6533598,114.99,-2.33,0.98,-1.61
2017-08-27,34,16,Stratis,STRAT,686660083.0,6.97,98520059,6.97,-3.18,9.57,21.70
2017-08-27,34,17,Zcash,ZEC,561929812.0,273.37,2055594,273.37,-0.23,-3.73,14.50
2017-08-27,34,18,Waves,WAVES,522568989.0,5.23,100000000,5.23,-1.29,-0.62,9.23
2017-08-27,34,19,EOS,EOS,416977477.0,1.35,309372019,1.35,0.77,-1.42,-1.77
2017-08-27,34,20,TenX,PAY,376793008.0,3.60,104661310,3.60,-1.58,-2.45,-13.66
2017-09-03,35,1,Bitcoin,BTC,75812212996.0,4582.96,16542187,4582.96,0.19,0.30,5.52
2017-09-03,35,2,Ethereum,ETH,32807154396.0,347.48,94413389,347.48,0.42,0.25,1.08
2017-09-03,35,3,Bitcoin Cash,BCH,10058458983.0,607.43,16558963,607.43,2.26,5.43,-1.37
2017-09-03,35,4,XRP,XRP,8773480075.0,0.2288,38343841883,0.2288,0.38,1.40,13.11
2017-09-03,35,5,Litecoin,LTC,4054988820.0,76.84,52769807,76.84,-0.87,-1.99,23.71
2017-09-03,35,6,NEM,XEM,2765377074.0,0.3073,8999999999,0.3073,0.79,2.83,11.77
2017-09-03,35,7,Dash,DASH,2685795201.0,356.39,7536105,356.39,0.25,1.80,-2.08
2017-09-03,35,8,IOTA,MIOTA,2067881448.0,0.744,2779530283,0.744,-0.17,6.37,-18.66
2017-09-03,35,9,Monero,XMR,1894074688.0,126.01,15031671,126.01,0.75,0.80,-5.94
2017-09-03,35,10,Ethereum Classic,ETC,1767289072.0,18.57,95171368,18.57,-1.31,-5.79,15.25
2017-09-03,35,11,Neo,NEO,1515941429.0,30.32,50000000,30.32,0.83,-3.68,-21.35
2017-09-03,35,12,OmiseGO,OMG,1039044898.0,10.57,98312024,10.57,-0.75,-0.92,25.80
2017-09-03,35,13,Qtum,QTUM,902192316.0,15.29,59000000,15.29,-2.97,-6.35,-1.75
2017-09-03,35,14,BitConnect,BCC,862984959.0,130.99,6588424,130.99,-0.1,-0.19,13.07
2017-09-03,35,15,Lisk,LSK,790981248.0,7.08,111773370,7.08,-0.1,4.31,6.78
2017-09-03,35,16,HyperCash,HC,700440363.0,20.85,33600000,20.85,-4.86,-27.01,-47.77
2017-09-03,35,17,Stratis,STRAT,649130440.0,6.59,98529111,6.59,0.56,3.92,-6.10
2017-09-03,35,18,Zcash,ZEC,547669313.0,260.09,2105719,260.09,0.22,1.98,-4.00
2017-09-03,35,19,Waves,WAVES,519635487.0,5.20,100000000,5.20,0.07,-0.98,-0.15
2017-09-03,35,20,EOS,EOS,407130155.0,1.25,325259619,1.25,1.18,2.24,-6.66
2017-09-10,36,1,Bitcoin,BTC,68263777323.0,4122.94,16557075,4122.94,-1.18,-2.34,-9.24
2017-09-10,36,2,Ethereum,ETH,27300079135.0,288.75,94546748,288.75,-1.58,-1.70,-15.81
2017-09-10,36,3,Bitcoin Cash,BCH,8900563273.0,537.07,16572538,537.07,2.45,-1.82,-10.38
2017-09-10,36,4,XRP,XRP,8168408464.0,0.213,38343841883,0.213,-0.61,1.60,-5.90
2017-09-10,36,5,Litecoin,LTC,3257754253.0,61.61,52874057,61.61,-2.08,-6.78,-19.68
2017-09-10,36,6,Dash,DASH,2416792514.0,320.11,7549938,320.11,-0.53,-0.55,-9.53
2017-09-10,36,7,NEM,XEM,2312772274.0,0.257,8999999999,0.257,-1.1,-3.59,-15.50
2017-09-10,36,8,Monero,XMR,1692133440.0,112.33,15064478,112.33,-0.51,-2.85,-8.76
2017-09-10,36,9,IOTA,MIOTA,1377553722.0,0.4956,2779530283,0.4956,-1.35,-11.53,-32.23
2017-09-10,36,10,Ethereum Classic,ETC,1303344867.0,13.66,95392483,13.66,-3.24,-8.10,-26.82
2017-09-10,36,11,Neo,NEO,1137368488.0,22.75,50000000,22.75,-1.63,3.47,-23.13
2017-09-10,36,12,OmiseGO,OMG,1121242326.0,11.40,98312024,11.40,-1.93,-5.80,10.93
2017-09-10,36,13,BitConnect,BCC,819219067.0,122.92,6664913,122.92,-0.49,-4.86,-3.08
2017-09-10,36,14,Qtum,QTUM,753971820.0,12.78,59000000,12.78,-3.32,-4.33,-16.59
2017-09-10,36,15,Lisk,LSK,736327422.0,6.57,112075455,6.57,-1.89,-4.49,-4.03
2017-09-10,36,16,Stratis,STRAT,577246603.0,5.86,98538148,5.86,-1.85,2.15,-9.45
2017-09-10,36,17,Zcash,ZEC,458994579.0,212.91,2155856,212.91,-0.72,0.49,-16.17
2017-09-10,36,18,Waves,WAVES,440792084.0,4.41,100000000,4.41,-2.98,-0.95,-14.42
2017-09-10,36,19,Tether,USDT,405899671.0,1.01,403697782,1.01,0.2,0.24,-0.03
2017-09-10,36,20,HyperCash,HC,383699890.0,11.42,33600000,11.42,-1.74,-8.65,-45.20
2017-09-17,37,1,Bitcoin,BTC,59378025802.0,3582.88,16572700,3582.88,-0.61,-0.60,-14.17
2017-09-17,37,2,Ethereum,ETH,23835922185.0,251.75,94681163,251.75,-0.15,2.44,-14.06
2017-09-17,37,3,Bitcoin Cash,BCH,6964753012.0,419.86,16588113,419.86,-1.05,-4.18,-21.01
2017-09-17,37,4,XRP,XRP,6840277227.0,0.1784,38343841883,0.1784,-0.53,-0.08,-16.73
2017-09-17,37,5,Litecoin,LTC,2568944684.0,48.49,52978632,48.49,-0.42,0.62,-24.12
2017-09-17,37,6,Dash,DASH,2373797302.0,313.84,7563712,313.84,2.53,5.75,-2.88
2017-09-17,37,7,NEM,XEM,1836606681.0,0.2041,8999999999,0.2041,-0.95,-1.49,-21.93
2017-09-17,37,8,Monero,XMR,1415252170.0,93.74,15096884,93.74,-0.49,-1.20,-17.41
2017-09-17,37,9,IOTA,MIOTA,1381554972.0,0.497,2779530283,0.497,-0.2,2.64,-2.66
2017-09-17,37,10,Neo,NEO,992969322.0,19.86,50000000,19.86,-1.6,-3.23,-12.98
2017-09-17,37,11,OmiseGO,OMG,970512930.0,9.87,98312024,9.87,-1.51,-0.28,-14.92
2017-09-17,37,12,Ethereum Classic,ETC,958397611.0,10.02,95613424,10.02,0.06,1.13,-29.61
2017-09-17,37,13,BitConnect,BCC,718350263.0,106.84,6723866,106.84,-0.87,-2.17,-13.81
2017-09-17,37,14,Lisk,LSK,626100280.0,5.57,112377325,5.57,-0.54,1.22,-16.96
2017-09-17,37,15,Qtum,QTUM,487785534.0,8.27,59000000,8.27,-0.24,1.14,-36.55
2017-09-17,37,16,Tether,USDT,445389075.0,1.01,442481242,1.01,0.02,0.28,0.28
2017-09-17,37,17,Stratis,STRAT,437694328.0,4.44,98547194,4.44,-1.04,1.26,-25.04
2017-09-17,37,18,Zcash,ZEC,384207577.0,174.18,2205856,174.18,-0.59,1.53,-18.48
2017-09-17,37,19,Waves,WAVES,364448094.0,3.64,100000000,3.64,-0.93,-2.45,-17.62
2017-09-17,37,20,Ark,ARK,321753213.0,3.30,97625712,3.30,0.97,-8.79,9.58
2017-09-24,38,1,Bitcoin,BTC,61082049549.0,3682.84,16585562,3682.84,-0.59,-2.46,1.00
2017-09-24,38,2,Ethereum,ETH,26780648760.0,282.48,94804328,282.48,-1.7,-0.65,8.05
2017-09-24,38,3,Bitcoin Cash,BCH,6994246279.0,421.03,16612238,421.03,-0.87,-1.41,-1.93
2017-09-24,38,4,XRP,XRP,6740350718.0,0.1758,38343841883,0.1758,-0.31,-0.87,-2.53
2017-09-24,38,5,Litecoin,LTC,2527744023.0,47.62,53083507,47.62,-0.54,-2.94,-3.85
2017-09-24,38,6,Dash,DASH,2514577588.0,331.85,7577532,331.85,-1.3,-4.95,5.77
2017-09-24,38,7,NEM,XEM,1945387020.0,0.2162,8999999999,0.2162,-0.64,-2.25,3.70
2017-09-24,38,8,IOTA,MIOTA,1449189531.0,0.5214,2779530283,0.5214,-2.46,-3.08,0.80
2017-09-24,38,9,Monero,XMR,1354029616.0,89.50,15128949,89.50,-0.8,-2.11,-6.36
2017-09-24,38,10,Ethereum Classic,ETC,1000440154.0,10.44,95834617,10.44,-0.99,-1.12,1.83
2017-09-24,38,11,Neo,NEO,989351368.0,19.79,50000000,19.79,-0.63,-1.49,-1.75
2017-09-24,38,12,OmiseGO,OMG,851296231.0,8.66,98312024,8.66,-0.91,-3.57,-14.74
2017-09-24,38,13,BitConnect,BCC,745907906.0,110.11,6773956,110.11,-0.6,-2.17,1.04
2017-09-24,38,14,Lisk,LSK,648344630.0,5.75,112679385,5.75,-0.93,-2.58,1.83
2017-09-24,38,15,Qtum,QTUM,474497232.0,8.04,59000000,8.04,-1.57,-0.36,-6.32
2017-09-24,38,16,Zcash,ZEC,463917367.0,205.63,2256131,205.63,0.68,1.12,15.65
2017-09-24,38,17,Tether,USDT,443779468.0,1.00,442481237,1.00,-0.04,0.08,-0.08
2017-09-24,38,18,Waves,WAVES,396756268.0,3.97,100000000,3.97,2.04,0.57,6.46
2017-09-24,38,19,Stratis,STRAT,391591842.0,3.97,98556217,3.97,-0.48,-5.12,-12.04
2017-09-24,38,20,Ark,ARK,295827607.0,3.03,97772000,3.03,-0.45,-3.14,-12.99
2017-10-01,39,1,Bitcoin,BTC,73094850250.0,4403.74,16598362,4403.74,0.52,1.45,18.42
2017-10-01,39,2,Ethereum,ETH,28694713714.0,302.34,94909755,302.34,-0.2,0.44,5.88
2017-10-01,39,3,XRP,XRP,7919237266.0,0.2065,38343841883,0.2065,3.64,4.51,17.03
2017-10-01,39,4,Bitcoin Cash,BCH,6909645337.0,415.15,16643663,415.15,-0.92,-4.41,-2.17
2017-10-01,39,5,Litecoin,LTC,2901079182.0,54.54,53188507,54.54,-0.24,-0.88,13.61
2017-10-01,39,6,Dash,DASH,2397361021.0,315.80,7591342,315.80,-0.33,-3.28,-6.36
2017-10-01,39,7,NEM,XEM,2215621590.0,0.2462,8999999999,0.2462,0.15,4.42,12.65
2017-10-01,39,8,Neo,NEO,1786008072.0,35.72,50000000,35.72,1.19,5.58,78.16
2017-10-01,39,9,IOTA,MIOTA,1696021631.0,0.6102,2779530283,0.6102,-0.55,-1.97,15.09
2017-10-01,39,10,Monero,XMR,1413301278.0,93.22,15160599,93.22,-0.33,-2.48,3.19
2017-10-01,39,11,Ethereum Classic,ETC,1223819213.0,12.74,96048690,12.74,-0.25,-1.81,21.20
2017-10-01,39,12,OmiseGO,OMG,965211778.0,9.82,98312024,9.82,-0.23,-2.72,11.45
2017-10-01,39,13,BitConnect,BCC,954547762.0,139.33,6850982,139.33,0.36,2.32,25.48
2017-10-01,39,14,Qtum,QTUM,728028500.0,12.34,59000000,12.34,-0.9,6.02,51.07
2017-10-01,39,15,Lisk,LSK,622907424.0,5.51,112981560,5.51,-0.24,-5.32,-4.55
2017-10-01,39,16,Zcash,ZEC,608739278.0,263.94,2306319,263.94,-1.51,-4.79,25.99
2017-10-01,39,17,Waves,WAVES,497467613.0,4.97,100000000,4.97,-0.02,-1.12,26.63
2017-10-01,39,18,Tether,USDT,437028175.0,0.9999,437061572,0.9999,0.14,0.27,-0.32
2017-10-01,39,19,Stratis,STRAT,407396124.0,4.13,98565264,4.13,0.16,-7.02,2.76
2017-10-01,39,20,Steem,STEEM,340369407.0,1.41,241986414,1.41,-2.7,-4.25,32.11
2017-10-08,40,1,Bitcoin,BTC,76589269102.0,4610.48,16612000,4610.48,0.03,4.09,5.28
2017-10-08,40,2,Ethereum,ETH,29322704975.0,308.61,95016042,308.61,0.0,-0.89,2.51
2017-10-08,40,3,XRP,XRP,10805036261.0,0.2799,38597142499,0.2799,2.11,17.45,39.22
2017-10-08,40,4,Bitcoin Cash,BCH,5707261397.0,342.21,16677550,342.21,0.69,-5.15,-18.60
2017-10-08,40,5,Litecoin,LTC,2832003112.0,53.14,53290607,53.14,-0.43,1.22,-2.32
2017-10-08,40,6,Dash,DASH,2301845843.0,302.48,7609811,302.48,-0.14,-2.68,-4.92
2017-10-08,40,7,NEM,XEM,1753266290.0,0.1948,8999999999,0.1948,-0.51,-8.16,-19.83
2017-10-08,40,8,Neo,NEO,1603285980.0,32.07,50000000,32.07,0.57,-10.49,-8.95
2017-10-08,40,9,IOTA,MIOTA,1389852948.0,0.5,2779530283,0.5,-0.21,-6.06,-18.05
2017-10-08,40,10,Monero,XMR,1363880450.0,89.77,15192276,89.77,-0.07,-2.02,-3.17
2017-10-08,40,11,Ethereum Classic,ETC,1167273135.0,12.12,96277484,12.12,-0.06,-1.22,-4.92
2017-10-08,40,12,BitConnect,BCC,1035116156.0,148.31,6979235,148.31,-0.11,3.60,7.60
2017-10-08,40,13,OmiseGO,OMG,756804128.0,7.70,98312024,7.70,-1.42,-9.45,-20.70
2017-10-08,40,14,Qtum,QTUM,657419818.0,11.14,59000000,11.14,-2.2,-6.62,-9.11
2017-10-08,40,15,Zcash,ZEC,568052516.0,241.06,2356519,241.06,0.02,-5.14,-9.33
2017-10-08,40,16,Cardano,ADA,530913227.0,0.02048,25927070538,0.02048,0.78,-1.67,-18.32
2017-10-08,40,17,Lisk,LSK,528449566.0,4.66,113283495,4.66,0.1,-10.03,-15.21
2017-10-08,40,18,Waves,WAVES,444113970.0,4.44,100000000,4.44,-1.87,-11.19,-10.13
2017-10-08,40,19,Tether,USDT,436380789.0,0.9984,437061577,0.9984,-0.12,0.03,-0.02
2017-10-08,40,20,Stratis,STRAT,345854037.0,3.51,98574329,3.51,-0.36,-10.99,-16.12
2017-10-15,41,1,Bitcoin,BTC,94402965837.0,5678.19,16625550,5678.19,-0.15,-2.03,23.46
2017-10-15,41,2,Ethereum,ETH,32018241280.0,336.59,95123944,336.59,-0.16,-1.48,9.18
2017-10-15,41,3,XRP,XRP,10171687749.0,0.264,38531538922,0.264,0.87,1.63,-1.49
2017-10-15,41,4,Bitcoin Cash,BCH,5260114446.0,314.95,16701613,314.95,-0.27,-2.23,-8.07
2017-10-15,41,5,Litecoin,LTC,3495463291.0,65.47,53392407,65.47,-1.36,1.31,22.93
2017-10-15,41,6,Dash,DASH,2359592290.0,309.51,7623631,309.51,0.59,-2.19,2.55
2017-10-15,41,7,NEM,XEM,1865697384.0,0.2073,8999999999,0.2073,-0.2,-0.98,4.36
2017-10-15,41,8,Monero,XMR,1444160850.0,94.87,15223240,94.87,0.32,-5.08,5.83
2017-10-15,41,9,Neo,NEO,1386589336.0,27.73,50000000,27.73,0.51,-0.02,-12.76
2017-10-15,41,10,BitConnect,BCC,1385763778.0,193.04,7178814,193.04,-0.4,-2.69,30.32
2017-10-15,41,11,IOTA,MIOTA,1218626097.0,0.4384,2779530283,0.4384,-0.76,-5.08,-12.55
2017-10-15,41,12,Ethereum Classic,ETC,1153007733.0,11.95,96498326,11.95,-0.83,-2.61,-1.52
2017-10-15,41,13,OmiseGO,OMG,783165592.0,7.97,98312024,7.97,-0.25,-0.06,2.42
2017-10-15,41,14,Cardano,ADA,779073317.0,0.03005,25927070538,0.03005,-0.68,-9.23,40.24
2017-10-15,41,15,Qtum,QTUM,615942139.0,10.44,59000000,10.44,0.18,-1.95,-8.66
2017-10-15,41,16,Zcash,ZEC,559821352.0,232.63,2406531,232.63,0.04,-2.92,-3.99
2017-10-15,41,17,Lisk,LSK,557859540.0,4.91,113585690,4.91,0.43,3.35,3.17
2017-10-15,41,18,Tether,USDT,436730362.0,0.9992,437061677,0.9992,0.14,-0.04,0.00
2017-10-15,41,19,HyperCash,HC,392918109.0,11.65,33728733,11.65,-0.44,-5.08,62.10
2017-10-15,41,20,Waves,WAVES,380121779.0,3.80,100000000,3.80,-0.15,-4.57,-15.61
2017-10-22,42,1,Bitcoin,BTC,99981950652.0,6008.42,16640300,6008.42,0.54,-0.86,7.01
2017-10-22,42,2,Ethereum,ETH,28144819411.0,295.45,95262061,295.45,0.11,-1.88,-12.32
2017-10-22,42,3,XRP,XRP,7867259463.0,0.2042,38531538922,0.2042,0.24,-2.29,-22.55
2017-10-22,42,4,Bitcoin Cash,BCH,5541349514.0,331.66,16707938,331.66,-1.59,2.20,5.54
2017-10-22,42,5,Litecoin,LTC,3038822953.0,56.81,53492957,56.81,0.18,-2.50,-11.92
2017-10-22,42,6,Dash,DASH,2105679308.0,275.70,7637437,275.70,0.27,-1.37,-9.73
2017-10-22,42,7,NEM,XEM,1907543465.0,0.2119,8999999999,0.2119,1.59,-0.77,2.40
2017-10-22,42,8,BitConnect,BCC,1484069151.0,205.04,7237866,205.04,0.63,-2.37,7.10
2017-10-22,42,9,Neo,NEO,1439565277.0,28.79,50000000,28.79,1.53,5.05,3.57
2017-10-22,42,10,Monero,XMR,1320710885.0,86.58,15253886,86.58,0.22,-2.06,-7.57
2017-10-22,42,11,IOTA,MIOTA,1091081147.0,0.3925,2779530283,0.3925,-0.6,0.54,-9.53
2017-10-22,42,12,Ethereum Classic,ETC,1047193900.0,10.83,96718325,10.83,0.08,-1.01,-9.35
2017-10-22,42,13,Qtum,QTUM,782771722.0,10.63,73606684,10.63,-0.26,-2.40,2.02
2017-10-22,42,14,OmiseGO,OMG,753794695.0,7.67,98312024,7.67,-0.44,3.55,-3.81
2017-10-22,42,15,Cardano,ADA,718925677.0,0.02773,25927070538,0.02773,-0.39,-3.23,-7.98
2017-10-22,42,16,Lisk,LSK,540257587.0,4.74,113887855,4.74,0.58,0.49,-3.11
2017-10-22,42,17,Zcash,ZEC,525067417.0,213.73,2456644,213.73,0.32,0.14,-7.73
2017-10-22,42,18,Stellar,XLM,518690344.0,0.03127,16587814333,0.03127,-1.05,-14.58,58.76
2017-10-22,42,19,Tether,USDT,437905007.0,1.00,437061167,1.00,-0.02,0.02,0.27
2017-10-22,42,20,Waves,WAVES,358151174.0,3.58,100000000,3.58,0.44,-0.77,-4.61
2017-10-29,43,1,Bitcoin,BTC,102482504137.0,6153.85,16653387,6153.85,-0.29,6.96,2.85
2017-10-29,43,2,Ethereum,ETH,29106822642.0,305.09,95404694,305.09,-0.3,2.93,3.77
2017-10-29,43,3,XRP,XRP,7813623296.0,0.2028,38531538922,0.2028,0.05,0.59,-0.06
2017-10-29,43,4,Bitcoin Cash,BCH,7569660907.0,451.92,16749838,451.92,-2.09,7.80,35.30
2017-10-29,43,5,Litecoin,LTC,3060678892.0,57.11,53596032,57.11,0.07,4.47,1.10
2017-10-29,43,6,Dash,DASH,2172392017.0,283.93,7651216,283.93,0.04,2.65,3.53
2017-10-29,43,7,NEM,XEM,1812029332.0,0.2013,8999999999,0.2013,-0.19,2.35,-3.15
2017-10-29,43,8,Neo,NEO,1804553623.0,27.76,65000000,27.76,-0.24,1.65,-1.63
2017-10-29,43,9,BitConnect,BCC,1663736406.0,227.10,7325961,227.10,-0.53,7.10,11.35
2017-10-29,43,10,Monero,XMR,1355008229.0,88.65,15284493,88.65,-0.92,2.70,2.79
2017-10-29,43,11,IOTA,MIOTA,1122151362.0,0.4037,2779530283,0.4037,1.42,2.07,2.96
2017-10-29,43,12,Ethereum Classic,ETC,1052344514.0,10.86,96939219,10.86,-0.35,2.28,0.57
2017-10-29,43,13,Qtum,QTUM,767273499.0,10.42,73623372,10.42,-0.7,2.05,-1.80
2017-10-29,43,14,Cardano,ADA,741692125.0,0.02861,25927070538,0.02861,-1.46,10.41,3.65
2017-10-29,43,15,OmiseGO,OMG,717320015.0,7.30,98312024,7.30,-0.15,1.47,-3.68
2017-10-29,43,16,Zcash,ZEC,587365420.0,234.33,2506619,234.33,0.1,0.76,10.45
2017-10-29,43,17,Lisk,LSK,556930024.0,4.88,114189840,4.88,0.04,3.97,4.18
2017-10-29,43,18,Stellar,XLM,503126632.0,0.03033,16587937139,0.03033,-2.77,-3.28,-3.63
2017-10-29,43,19,Tether,USDT,452564083.0,1.00,452061667,1.00,0.03,-0.06,-0.04
2017-10-29,43,20,Stratis,STRAT,398253640.0,4.04,98601492,4.04,-2.88,-6.50,27.20
2017-11-05,44,1,Bitcoin,BTC,123449127399.0,7407.41,16665637,7407.41,0.14,0.21,20.99
2017-11-05,44,2,Ethereum,ETH,28307017397.0,296.26,95547039,296.26,-0.07,-1.21,-3.53
2017-11-05,44,3,Bitcoin Cash,BCH,10573190957.0,630.70,16764175,630.70,1.35,1.86,38.82
2017-11-05,44,4,XRP,XRP,7785503581.0,0.2021,38531538922,0.2021,-0.25,-0.78,-0.48
2017-11-05,44,5,Litecoin,LTC,2939686652.0,54.75,53696457,54.75,-0.12,-0.42,-3.80
2017-11-05,44,6,Dash,DASH,2095468229.0,273.17,7671066,273.17,0.25,-0.33,-3.99
2017-11-05,44,7,Neo,NEO,1714730816.0,26.38,65000000,26.38,1.69,-0.21,-6.14
2017-11-05,44,8,NEM,XEM,1622780308.0,0.1803,8999999999,0.1803,9.64,5.42,-10.82
2017-11-05,44,9,Monero,XMR,1322356592.0,86.35,15314473,86.35,-0.29,-0.97,-3.02
2017-11-05,44,10,Ethereum Classic,ETC,1286742287.0,13.24,97161935,13.24,-0.29,11.14,21.65
2017-11-05,44,11,IOTA,MIOTA,973069678.0,0.3501,2779530283,0.3501,-1.8,-5.24,-11.73
2017-11-05,44,12,Qtum,QTUM,745742972.0,10.13,73640032,10.13,0.24,0.83,-2.89
2017-11-05,44,13,OmiseGO,OMG,618138154.0,6.29,98312024,6.29,0.04,-2.54,-14.39
2017-11-05,44,14,BitConnect,BCC,590713556.0,276.28,2138092,276.28,-0.23,-0.99,22.36
2017-11-05,44,15,Zcash,ZEC,576194461.0,225.35,2556831,225.35,0.02,-2.62,-3.51
2017-11-05,44,16,Cardano,ADA,535005812.0,0.02064,25927070538,0.02064,-6.44,-7.13,-28.30
2017-11-05,44,17,Lisk,LSK,508803199.0,4.44,114492175,4.44,-1.1,-2.99,-8.43
2017-11-05,44,18,Tether,USDT,493468901.0,0.9988,494061667,0.9988,-0.26,-0.44,-0.15
2017-11-05,44,19,EOS,EOS,492068068.0,1.09,449752669,1.09,-3.62,-1.99,60.15
2017-11-05,44,20,Stellar,XLM,443977007.0,0.02676,16588215481,0.02676,-0.37,-2.02,-14.00
2017-11-12,45,1,Bitcoin,BTC,99226239529.0,5950.07,16676475,5950.07,3.21,-5.73,-19.70
2017-11-12,45,2,Ethereum,ETH,29463562936.0,307.91,95689429,307.91,0.26,-1.93,4.08
2017-11-12,45,3,Bitcoin Cash,BCH,23332947817.0,1388.86,16800075,1388.86,-10.76,2.02,120.77
2017-11-12,45,4,XRP,XRP,7603783907.0,0.1973,38531538922,0.1973,0.15,-5.89,-2.36
2017-11-12,45,5,Dash,DASH,4120001306.0,536.12,7684901,536.12,15.85,55.03,97.30
2017-11-12,45,6,Litecoin,LTC,3174661131.0,59.01,53802907,59.01,1.75,-4.98,7.79
2017-11-12,45,7,Monero,XMR,1900534936.0,123.86,15344686,123.86,3.83,2.55,42.78
2017-11-12,45,8,Neo,NEO,1752511644.0,26.96,65000000,26.96,2.78,-4.99,2.71
2017-11-12,45,9,IOTA,MIOTA,1650251838.0,0.5937,2779530283,0.5937,2.11,-2.26,70.11
2017-11-12,45,10,NEM,XEM,1623650417.0,0.1804,8999999999,0.1804,0.49,-5.03,1.70
2017-11-12,45,11,Ethereum Classic,ETC,1478652681.0,15.18,97384222,15.18,0.15,-22.54,11.67
2017-11-12,45,12,Qtum,QTUM,818163751.0,11.11,73656760,11.11,1.13,-4.17,9.64
2017-11-12,45,13,Zcash,ZEC,752552801.0,288.67,2606956,288.67,16.05,14.56,27.98
2017-11-12,45,14,OmiseGO,OMG,672296504.0,6.59,102042552,6.59,0.14,-9.23,4.95
2017-11-12,45,15,Lisk,LSK,631277039.0,5.50,114794045,5.50,4.02,-4.89,23.52
2017-11-12,45,16,Cardano,ADA,621653136.0,0.02398,25927070538,0.02398,3.58,-12.23,10.69
2017-11-12,45,17,HyperCash,HC,612486980.0,14.50,42242451,14.50,0.3,39.76,48.01
2017-11-12,45,18,Tether,USDT,601470824.0,1.01,594061667,1.01,0.9,0.56,1.18
2017-11-12,45,19,EOS,EOS,512888723.0,1.09,468830972,1.09,4.57,-5.49,4.12
2017-11-12,45,20,Stellar,XLM,467489600.0,0.02818,16588352068,0.02818,1.81,-14.47,5.57
2017-11-19,46,1,Bitcoin,BTC,134124232714.0,8036.49,16689400,8036.49,0.47,3.04,33.66
2017-11-19,46,2,Ethereum,ETH,33961408308.0,354.39,95831749,354.39,-0.98,1.99,12.90
2017-11-19,46,3,Bitcoin Cash,BCH,19703715143.0,1172.05,16811363,1172.05,-1.24,-6.58,-14.09
2017-11-19,46,4,XRP,XRP,8922489247.0,0.231,38622892459,0.231,0.01,1.20,15.46
2017-11-19,46,5,Litecoin,LTC,3858886714.0,71.59,53903108,71.59,0.29,3.69,20.21
2017-11-19,46,6,Dash,DASH,3405228769.0,442.31,7698724,442.31,0.11,-2.39,-1.98
2017-11-19,46,7,Neo,NEO,2583905964.0,39.75,65000000,39.75,1.1,-6.59,46.61
2017-11-19,46,8,IOTA,MIOTA,2403288087.0,0.8646,2779530283,0.8646,-0.42,4.75,43.39
2017-11-19,46,9,Monero,XMR,1990642472.0,129.48,15374258,129.48,-0.25,-1.56,2.75
2017-11-19,46,10,NEM,XEM,1817524776.0,0.2019,8999999999,0.2019,0.68,3.38,10.27
2017-11-19,46,11,Ethereum Classic,ETC,1748757266.0,17.92,97605268,17.92,-0.07,1.08,13.29
2017-11-19,46,12,Lisk,LSK,1120631118.0,9.74,115076256,9.74,1.89,5.64,68.56
2017-11-19,46,13,Qtum,QTUM,1033405695.0,14.03,73673504,14.03,0.69,0.42,24.96
2017-11-19,46,14,EOS,EOS,915390418.0,1.88,486509099,1.88,0.11,-2.56,70.39
2017-11-19,46,15,HyperCash,HC,812350167.0,19.22,42270842,19.22,-0.6,-6.69,31.52
2017-11-19,46,16,OmiseGO,OMG,798465675.0,7.82,102042552,7.82,-1.09,-1.62,14.38
2017-11-19,46,17,Zcash,ZEC,795318934.0,299.33,2656969,299.33,0.57,0.35,13.35
2017-11-19,46,18,Cardano,ADA,728149531.0,0.02808,25927070538,0.02808,-0.99,6.15,15.50
2017-11-19,46,19,Tether,USDT,676615905.0,1.00,674966830,1.00,0.25,-0.07,-0.19
2017-11-19,46,20,Stellar,XLM,647776227.0,0.03657,17715179396,0.03657,-0.96,-0.66,25.26
2017-11-26,47,1,Bitcoin,BTC,155850820848.0,9330.55,16703275,9330.55,-0.32,6.22,16.44
2017-11-26,47,2,Ethereum,ETH,45235669733.0,471.33,95974465,471.33,0.07,1.38,32.86
2017-11-26,47,3,Bitcoin Cash,BCH,29200980119.0,1735.66,16824150,1735.66,0.6,9.82,47.35
2017-11-26,47,4,XRP,XRP,9610065184.0,0.2488,38622870411,0.2488,-0.29,-1.35,7.01
2017-11-26,47,5,Bitcoin Gold,BTG,6115594817.0,366.79,16673449,366.79,6.58,2.22,175.76
2017-11-26,47,6,Dash,DASH,4794261360.0,621.62,7712487,621.62,-1.01,-2.95,41.23
2017-11-26,47,7,Litecoin,LTC,4640578368.0,85.93,54006208,85.93,-0.57,-2.41,20.37
2017-11-26,47,8,Monero,XMR,2516568366.0,163.37,15403712,163.37,-0.13,-2.65,25.99
2017-11-26,47,9,Neo,NEO,2498863487.0,38.44,65000000,38.44,-0.24,0.49,-3.96
2017-11-26,47,10,IOTA,MIOTA,2340175155.0,0.8419,2779530283,0.8419,2.94,4.63,-3.44
2017-11-26,47,11,Ethereum Classic,ETC,2173322763.0,22.22,97827094,22.22,1.2,2.07,23.36
2017-11-26,47,12,NEM,XEM,1924972996.0,0.2139,8999999999,0.2139,-0.9,-1.75,5.71
2017-11-26,47,13,EOS,EOS,1229361529.0,2.46,500699488,2.46,-0.07,21.07,27.94
2017-11-26,47,14,Qtum,QTUM,1089849611.0,14.79,73690244,14.79,-0.09,2.14,4.37
2017-11-26,47,15,Cardano,ADA,941982425.0,0.03633,25927070538,0.03633,-4.25,20.00,26.67
2017-11-26,47,16,Zcash,ZEC,920840988.0,340.14,2707206,340.14,-0.75,-1.52,14.34
2017-11-26,47,17,HyperCash,HC,870555143.0,20.58,42299232,20.58,-0.24,7.97,6.41
2017-11-26,47,18,Lisk,LSK,866591071.0,7.51,115317768,7.51,-0.86,-6.38,-21.76
2017-11-26,47,19,Stellar,XLM,866135017.0,0.0489,17713853990,0.0489,1.56,11.56,32.56
2017-11-26,47,20,OmiseGO,OMG,866113037.0,8.49,102042552,8.49,-0.83,-2.15,7.97
2017-12-03,48,1,Bitcoin,BTC,189302801342.0,11323.22,16718100,11323.22,1.08,2.06,19.33
2017-12-03,48,2,Ethereum,ETH,44776400551.0,465.85,96116935,465.85,0.47,0.34,-0.87
2017-12-03,48,3,Bitcoin Cash,BCH,26263314821.0,1559.93,16836250,1559.93,-0.11,8.37,-8.03
2017-12-03,48,4,XRP,XRP,9754506575.0,0.2526,38622870411,0.2526,0.25,-0.95,0.99
2017-12-03,48,5,Dash,DASH,5944766231.0,768.88,7731760,768.88,0.27,-1.07,22.55
2017-12-03,48,6,Litecoin,LTC,5479548242.0,101.26,54112108,101.26,0.18,0.86,16.08
2017-12-03,48,7,Bitcoin Gold,BTG,5350823032.0,320.66,16686699,320.66,-0.62,7.44,-10.66
2017-12-03,48,8,IOTA,MIOTA,5229847940.0,1.88,2779530283,1.88,-1.64,31.25,130.93
2017-12-03,48,9,Cardano,ADA,3417380962.0,0.1318,25927070538,0.1318,0.48,-0.52,241.73
2017-12-03,48,10,Monero,XMR,3087398971.0,200.05,15433062,200.05,0.83,-1.29,22.06
2017-12-03,48,11,Ethereum Classic,ETC,2986403544.0,30.46,98051412,30.46,-0.11,-0.94,37.80
2017-12-03,48,12,NEM,XEM,2483233899.0,0.2759,8999999999,0.2759,1.43,9.48,27.60
2017-12-03,48,13,Neo,NEO,2380493336.0,36.62,65000000,36.62,-1.15,3.92,-6.26
2017-12-03,48,14,EOS,EOS,1862159183.0,3.61,516306092,3.61,-1.65,-8.54,44.35
2017-12-03,48,15,Stellar,XLM,1581525067.0,0.08904,17762892862,0.08904,-2.39,-6.07,83.40
2017-12-03,48,16,BitConnect,BCC,993908329.0,311.99,3185692,311.99,0.92,-2.87,4.32
2017-12-03,48,17,Qtum,QTUM,968886210.0,13.15,73696328,13.15,-0.05,1.05,-11.11
2017-12-03,48,18,OmiseGO,OMG,961996888.0,9.43,102042552,9.43,1.72,1.33,9.56
2017-12-03,48,19,Lisk,LSK,894327760.0,7.74,115559496,7.74,0.91,0.06,0.36
2017-12-03,48,20,Zcash,ZEC,890061729.0,322.81,2757231,322.81,-0.14,-2.05,-5.41
2017-12-10,49,1,Bitcoin,BTC,258616070175.0,15455.44,16733012,15455.44,1.43,3.80,34.80
2017-12-10,49,2,Ethereum,ETH,42520468651.0,441.72,96260942,441.72,0.38,-5.87,-5.87
2017-12-10,49,3,Bitcoin Cash,BCH,22291644760.0,1323.07,16848425,1323.07,1.99,-4.78,-16.40
2017-12-10,49,4,IOTA,MIOTA,11479620758.0,4.13,2779530283,4.13,1.35,-9.27,106.76
2017-12-10,49,5,XRP,XRP,9194070525.0,0.2373,38739144847,0.2373,0.48,-2.63,-6.79
2017-12-10,49,6,Litecoin,LTC,8063855847.0,148.66,54243508,148.66,1.18,-2.68,45.99
2017-12-10,49,7,Dash,DASH,5334096640.0,688.67,7745554,688.67,0.43,-4.06,-10.91
2017-12-10,49,8,Bitcoin Gold,BTG,3821997423.0,228.87,16699186,228.87,3.79,-4.37,-30.52
2017-12-10,49,9,Monero,XMR,3790207944.0,245.33,15449232,245.33,1.54,-6.10,21.64
2017-12-10,49,10,NEM,XEM,3545692831.0,0.394,8999999999,0.394,0.38,-8.96,40.92
2017-12-10,49,11,Cardano,ADA,2859272488.0,0.1103,25927070538,0.1103,2.26,-6.78,-15.95
2017-12-10,49,12,Ethereum Classic,ETC,2604940746.0,26.51,98271825,26.51,0.84,-6.31,-13.47
2017-12-10,49,13,Neo,NEO,2165207863.0,33.31,65000000,33.31,-0.43,-5.19,-11.49
2017-12-10,49,14,Stellar,XLM,2127337424.0,0.1193,17837323889,0.1193,2.22,-11.11,29.80
2017-12-10,49,15,EOS,EOS,2001413294.0,3.77,530662401,3.77,0.64,-5.97,1.89
2017-12-10,49,16,BitConnect,BCC,1787562888.0,374.21,4776936,374.21,2.45,1.78,17.35
2017-12-10,49,17,Populous,PPT,983959164.0,23.85,41252246,23.85,-1.72,-15.90,82.70
2017-12-10,49,18,Waves,WAVES,976155949.0,9.76,100000000,9.76,5.13,13.20,53.99
2017-12-10,49,19,Lisk,LSK,918971490.0,7.94,115801244,7.94,-0.47,-1.86,1.47
2017-12-10,49,20,Stratis,STRAT,907548936.0,9.20,98655727,9.20,9.42,-0.29,47.77
2017-12-17,50,1,Bitcoin,BTC,320575829568.0,19140.76,16748337,19140.76,-1.93,-1.70,20.36
2017-12-17,50,2,Ethereum,ETH,69409040636.0,719.98,96404771,719.98,-1.24,3.00,59.11
2017-12-17,50,3,Bitcoin Cash,BCH,31409971010.0,1862.88,16861013,1862.88,-0.77,2.50,37.28
2017-12-17,50,4,XRP,XRP,28216285884.0,0.7284,38739144847,0.7284,-0.96,-3.53,203.24
2017-12-17,50,5,Litecoin,LTC,17323837062.0,318.72,54354533,318.72,-1.6,5.79,110.32
2017-12-17,50,6,Cardano,ADA,13300876468.0,0.513,25927070538,0.513,-1.8,26.82,363.12
2017-12-17,50,7,IOTA,MIOTA,10921183750.0,3.93,2779530283,3.93,0.11,7.51,-7.98
2017-12-17,50,8,Dash,DASH,8581257772.0,1105.92,7759383,1105.92,-0.38,11.12,57.07
2017-12-17,50,9,NEM,XEM,6190439700.0,0.6878,8999999999,0.6878,-1.17,4.38,67.88
2017-12-17,50,10,Monero,XMR,5443176708.0,351.37,15491181,351.37,-0.1,5.42,39.59
2017-12-17,50,11,Bitcoin Gold,BTG,5021765072.0,300.49,16712186,300.49,-0.3,0.98,23.42
2017-12-17,50,12,Stellar,XLM,4759878771.0,0.2666,17852635004,0.2666,-0.82,15.89,114.32
2017-12-17,50,13,EOS,EOS,4482553931.0,8.22,545178759,8.22,-1.64,-5.63,111.77
2017-12-17,50,14,Neo,NEO,4427435188.0,68.11,65000000,68.11,-2.17,37.23,99.63
2017-12-17,50,15,Ethereum Classic,ETC,3424599164.0,34.79,98445848,34.79,-1.19,-0.76,26.56
2017-12-17,50,16,TRON,TRX,2379438315.0,0.03619,65748192475,0.03619,0.22,-2.90,691.77
2017-12-17,50,17,Qtum,QTUM,2184372528.0,29.62,73740712,29.62,-0.42,0.89,153.14
2017-12-17,50,18,BitConnect,BCC,2050149358.0,427.71,4793313,427.71,-2.69,-6.19,13.17
2017-12-17,50,19,Populous,PPT,1752565975.0,42.48,41252246,42.48,-4.75,-10.39,71.89
2017-12-17,50,20,OmiseGO,OMG,1594150952.0,15.62,102042552,15.62,-2.0,9.80,90.93
2017-12-24,51,1,Bitcoin,BTC,233413800016.0,13925.78,16761275,13925.78,1.68,-6.13,-26.84
2017-12-24,51,2,Ethereum,ETH,67019273767.0,694.15,96548917,694.15,2.96,-4.64,-3.23
2017-12-24,51,3,Bitcoin Cash,BCH,48988237688.0,2903.12,16874325,2903.12,2.36,-11.50,57.25
2017-12-24,51,4,XRP,XRP,40441548673.0,1.04,38739144847,1.04,1.28,-10.78,44.39
2017-12-24,51,5,Litecoin,LTC,15028951029.0,275.98,54456683,275.98,2.44,-5.50,-12.87
2017-12-24,51,6,Cardano,ADA,10112315917.0,0.39,25927070538,0.39,0.88,-7.70,-21.61
2017-12-24,51,7,IOTA,MIOTA,9674915210.0,3.48,2779530283,3.48,1.97,-5.57,-8.11
2017-12-24,51,8,NEM,XEM,9396147250.0,1.04,8999999999,1.04,8.7,10.18,50.05
2017-12-24,51,9,Dash,DASH,9208779481.0,1184.69,7773155,1184.69,1.17,-8.32,7.92
2017-12-24,51,10,Monero,XMR,5231007893.0,337.06,15519518,337.06,3.9,-13.98,-2.40
2017-12-24,51,11,Bitcoin Gold,BTG,5104901590.0,305.22,16725236,305.22,1.29,-8.82,3.41
2017-12-24,51,12,EOS,EOS,4564056647.0,8.14,560452341,8.14,2.92,-5.65,-0.85
2017-12-24,51,13,Stellar,XLM,4008414431.0,0.2244,17858830790,0.2244,1.74,-6.74,-16.23
2017-12-24,51,14,Qtum,QTUM,3956006270.0,53.64,73757444,53.64,1.18,-6.20,82.30
2017-12-24,51,15,Neo,NEO,3880200768.0,59.70,65000000,59.70,3.55,-1.97,-12.54
2017-12-24,51,16,Verge,XVG,3694972920.0,0.2554,14465054684,0.2554,6.47,2.00,382.71
2017-12-24,51,17,Ethereum Classic,ETC,3035709719.0,30.78,98615546,30.78,2.42,-7.54,-10.07
2017-12-24,51,18,TRON,TRX,2380649010.0,0.03621,65748192475,0.03621,2.61,-30.10,1.43
2017-12-24,51,19,Lisk,LSK,2327455595.0,20.02,116283508,20.02,4.15,-5.20,47.41
2017-12-24,51,20,Nxt,NXT,1790601305.0,1.79,998999942,1.79,2.09,-5.10,117.01
2017-12-31,52,1,Bitcoin,BTC,237466518547.0,14156.44,16774450,14156.44,0.01,8.41,4.21
2017-12-31,52,2,XRP,XRP,89121967114.0,2.30,38739144847,2.30,0.18,5.75,125.31
2017-12-31,52,3,Ethereum,ETH,73170132772.0,756.73,96692190,756.73,0.3,4.91,8.78
2017-12-31,52,4,Bitcoin Cash,BCH,42774236531.0,2533.01,16886713,2533.01,-0.43,5.00,-9.87
2017-12-31,52,5,Cardano,ADA,18659588487.0,0.7197,25927070538,0.7197,-0.82,6.15,91.25
2017-12-31,52,6,Litecoin,LTC,12663197417.0,232.10,54560158,232.10,-0.75,5.27,-14.18
2017-12-31,52,7,IOTA,MIOTA,9869763788.0,3.55,2779530283,3.55,-0.27,5.03,5.77
2017-12-31,52,8,NEM,XEM,9306424140.0,1.03,8999999999,1.03,1.82,10.48,6.45
2017-12-31,52,9,Dash,DASH,8189388164.0,1051.68,7786970,1051.68,-0.98,4.05,-9.85
2017-12-31,52,10,Stellar,XLM,6442724493.0,0.3608,17858965917,0.3608,1.19,10.47,66.56
2017-12-31,52,11,Monero,XMR,5426210002.0,349.03,15546731,349.03,0.09,4.35,6.92
2017-12-31,52,12,EOS,EOS,5041642753.0,8.77,575139270,8.77,0.04,1.68,10.14
2017-12-31,52,13,Neo,NEO,4937436142.0,75.96,65000000,75.96,-0.29,4.79,30.69
2017-12-31,52,14,Qtum,QTUM,4603333033.0,62.40,73774324,62.40,0.08,2.29,19.01
2017-12-31,52,15,Bitcoin Gold,BTG,4380775197.0,261.72,16738211,261.72,1.24,2.92,-13.41
2017-12-31,52,16,Verge,XVG,3208728455.0,0.2226,14414762441,0.2226,-5.37,55.68,-5.44
2017-12-31,52,17,TRON,TRX,2942336038.0,0.04475,65748192475,0.04475,3.05,22.82,19.22
2017-12-31,52,18,Nano,NANO,2885869971.0,21.66,133248289,21.66,2.9,77.26,360.90
2017-12-31,52,19,Ethereum Classic,ETC,2765755614.0,28.00,98784146,28.00,-0.25,3.54,-8.24
2017-12-31,52,20,BitConnect,BCC,2593243079.0,418.96,6189684,418.96,-1.87,7.58,79.46
